image,class
Pat1Train_7_0,0
Pat1Train_8_0,0
Pat1Train_9_0,0
Pat1Train_10_0,0
Pat1Train_11_0,0
Pat1Train_12_0,0
Pat1Train_13_0,0
Pat1Train_14_0,0
Pat1Train_15_0,0
Pat1Train_16_0,0
Pat1Train_17_0,0
Pat1Train_18_0,0
Pat1Train_19_0,0
Pat1Train_20_0,0
Pat1Train_21_0,0
Pat1Train_22_0,0
Pat1Train_23_0,0
Pat1Train_24_0,0
Pat1Train_25_0,0
Pat1Train_26_0,0
Pat1Train_27_0,0
Pat1Train_28_0,0
Pat1Train_29_0,0
Pat1Train_30_0,0
Pat1Train_31_0,0
Pat1Train_32_0,0
Pat1Train_33_0,0
Pat1Train_34_0,0
Pat1Train_35_0,0
Pat1Train_36_0,0
Pat1Train_37_0,0
Pat1Train_38_0,0
Pat1Train_39_0,0
Pat1Train_40_0,0
Pat1Train_41_0,0
Pat1Train_42_0,0
Pat1Train_43_0,0
Pat1Train_44_0,0
Pat1Train_45_0,0
Pat1Train_46_0,0
Pat1Train_47_0,0
Pat1Train_48_0,0
Pat1Train_49_0,0
Pat1Train_50_0,0
Pat1Train_51_0,0
Pat1Train_52_0,0
Pat1Train_53_0,0
Pat1Train_54_0,0
Pat1Train_55_0,0
Pat1Train_56_0,0
Pat1Train_57_0,0
Pat1Train_58_0,0
Pat1Train_59_0,0
Pat1Train_60_0,0
Pat1Train_61_0,0
Pat1Train_62_0,0
Pat1Train_63_0,0
Pat1Train_64_0,0
Pat1Train_65_0,0
Pat1Train_66_0,0
Pat1Train_67_0,0
Pat1Train_68_0,0
Pat1Train_69_0,0
Pat1Train_70_0,0
Pat1Train_71_0,0
Pat1Train_72_0,0
Pat1Train_73_0,0
Pat1Train_74_0,0
Pat1Train_75_0,0
Pat1Train_76_0,0
Pat1Train_77_0,0
Pat1Train_78_0,0
Pat1Train_79_0,0
Pat1Train_80_0,0
Pat1Train_81_0,0
Pat1Train_82_0,0
Pat1Train_83_0,0
Pat1Train_84_0,0
Pat1Train_85_0,0
Pat1Train_86_0,0
Pat1Train_87_0,0
Pat1Train_88_0,0
Pat1Train_89_0,0
Pat1Train_90_0,0
Pat1Train_91_0,0
Pat1Train_92_0,0
Pat1Train_93_0,0
Pat1Train_94_0,0
Pat1Train_95_0,0
Pat1Train_96_0,0
Pat1Train_97_0,0
Pat1Train_98_0,0
Pat1Train_99_0,0
Pat1Train_100_0,0
Pat1Train_101_0,0
Pat1Train_102_0,0
Pat1Train_103_0,0
Pat1Train_104_0,0
Pat1Train_105_0,0
Pat1Train_106_0,0
Pat1Train_107_0,0
Pat1Train_108_0,0
Pat1Train_109_0,0
Pat1Train_110_0,0
Pat1Train_111_0,0
Pat1Train_112_0,0
Pat1Train_113_0,0
Pat1Train_114_0,0
Pat1Train_115_0,0
Pat1Train_116_0,0
Pat1Train_117_0,0
Pat1Train_118_0,0
Pat1Train_119_0,0
Pat1Train_120_0,0
Pat1Train_121_0,0
Pat1Train_122_0,0
Pat1Train_123_0,0
Pat1Train_124_0,0
Pat1Train_125_0,0
Pat1Train_126_0,0
Pat1Train_187_0,0
Pat1Train_188_0,0
Pat1Train_189_0,0
Pat1Train_190_0,0
Pat1Train_191_0,0
Pat1Train_192_0,0
Pat1Train_193_0,0
Pat1Train_194_0,0
Pat1Train_195_0,0
Pat1Train_196_0,0
Pat1Train_197_0,0
Pat1Train_198_0,0
Pat1Train_199_0,0
Pat1Train_200_0,0
Pat1Train_201_0,0
Pat1Train_202_0,0
Pat1Train_203_0,0
Pat1Train_204_0,0
Pat1Train_205_0,0
Pat1Train_206_0,0
Pat1Train_207_0,0
Pat1Train_208_0,0
Pat1Train_209_0,0
Pat1Train_210_0,0
Pat1Train_211_0,0
Pat1Train_212_0,0
Pat1Train_213_0,0
Pat1Train_214_0,0
Pat1Train_215_0,0
Pat1Train_216_0,0
Pat1Train_217_0,0
Pat1Train_218_0,0
Pat1Train_219_0,0
Pat1Train_220_0,0
Pat1Train_221_0,0
Pat1Train_222_0,0
Pat1Train_223_0,0
Pat1Train_224_0,0
Pat1Train_225_0,0
Pat1Train_226_0,0
Pat1Train_227_0,0
Pat1Train_228_0,0
Pat1Train_229_0,0
Pat1Train_230_0,0
Pat1Train_231_0,0
Pat1Train_232_0,0
Pat1Train_233_0,0
Pat1Train_234_0,0
Pat1Train_235_0,0
Pat1Train_236_0,0
Pat1Train_237_0,0
Pat1Train_238_0,0
Pat1Train_239_0,0
Pat1Train_240_0,0
Pat1Train_241_0,0
Pat1Train_242_0,0
Pat1Train_243_0,0
Pat1Train_244_0,0
Pat1Train_245_0,0
Pat1Train_246_0,0
Pat1Train_247_0,0
Pat1Train_248_0,0
Pat1Train_249_0,0
Pat1Train_250_0,0
Pat1Train_251_0,0
Pat1Train_252_0,0
Pat1Train_331_0,0
Pat1Train_332_0,0
Pat1Train_333_0,0
Pat1Train_334_0,0
Pat1Train_335_0,0
Pat1Train_336_0,0
Pat1Train_337_0,0
Pat1Train_338_0,0
Pat1Train_339_0,0
Pat1Train_340_0,0
Pat1Train_341_0,0
Pat1Train_342_0,0
Pat1Train_343_0,0
Pat1Train_344_0,0
Pat1Train_345_0,0
Pat1Train_346_0,0
Pat1Train_347_0,0
Pat1Train_348_0,0
Pat1Train_349_0,0
Pat1Train_350_0,0
Pat1Train_351_0,0
Pat1Train_352_0,0
Pat1Train_353_0,0
Pat1Train_354_0,0
Pat1Train_355_0,0
Pat1Train_356_0,0
Pat1Train_357_0,0
Pat1Train_358_0,0
Pat1Train_359_0,0
Pat1Train_360_0,0
Pat1Train_361_0,0
Pat1Train_362_0,0
Pat1Train_363_0,0
Pat1Train_364_0,0
Pat1Train_365_0,0
Pat1Train_366_0,0
Pat1Train_367_0,0
Pat1Train_368_0,0
Pat1Train_369_0,0
Pat1Train_370_0,0
Pat1Train_371_0,0
Pat1Train_372_0,0
Pat1Train_373_0,0
Pat1Train_374_0,0
Pat1Train_375_0,0
Pat1Train_376_0,0
Pat1Train_377_0,0
Pat1Train_378_0,0
Pat1Train_379_0,0
Pat1Train_380_0,0
Pat1Train_381_0,0
Pat1Train_382_0,0
Pat1Train_383_0,0
Pat1Train_384_0,0
Pat1Train_385_0,0
Pat1Train_386_0,0
Pat1Train_387_0,0
Pat1Train_388_0,0
Pat1Train_389_0,0
Pat1Train_390_0,0
Pat1Train_391_0,0
Pat1Train_392_0,0
Pat1Train_393_0,0
Pat1Train_394_0,0
Pat1Train_395_0,0
Pat1Train_396_0,0
Pat1Train_445_0,0
Pat1Train_446_0,0
Pat1Train_447_0,0
Pat1Train_448_0,0
Pat1Train_449_0,0
Pat1Train_450_0,0
Pat1Train_451_0,0
Pat1Train_452_0,0
Pat1Train_453_0,0
Pat1Train_454_0,0
Pat1Train_455_0,0
Pat1Train_456_0,0
Pat1Train_457_0,0
Pat1Train_458_0,0
Pat1Train_459_0,0
Pat1Train_460_0,0
Pat1Train_461_0,0
Pat1Train_462_0,0
Pat1Train_463_0,0
Pat1Train_464_0,0
Pat1Train_465_0,0
Pat1Train_466_0,0
Pat1Train_467_0,0
Pat1Train_468_0,0
Pat1Train_547_0,0
Pat1Train_548_0,0
Pat1Train_549_0,0
Pat1Train_550_0,0
Pat1Train_551_0,0
Pat1Train_552_0,0
Pat1Train_553_0,0
Pat1Train_554_0,0
Pat1Train_555_0,0
Pat1Train_556_0,0
Pat1Train_557_0,0
Pat1Train_558_0,0
Pat1Train_559_0,0
Pat1Train_560_0,0
Pat1Train_561_0,0
Pat1Train_562_0,0
Pat1Train_563_0,0
Pat1Train_564_0,0
Pat1Train_565_0,0
Pat1Train_566_0,0
Pat1Train_567_0,0
Pat1Train_568_0,0
Pat1Train_569_0,0
Pat1Train_570_0,0
Pat1Train_649_0,0
Pat1Train_650_0,0
Pat1Train_651_0,0
Pat1Train_652_0,0
Pat1Train_653_0,0
Pat1Train_654_0,0
Pat1Train_655_0,0
Pat1Train_656_0,0
Pat1Train_657_0,0
Pat1Train_658_0,0
Pat1Train_659_0,0
Pat1Train_660_0,0
Pat1Train_661_0,0
Pat1Train_662_0,0
Pat1Train_663_0,0
Pat1Train_664_0,0
Pat1Train_665_0,0
Pat1Train_666_0,0
Pat1Train_667_0,0
Pat1Train_668_0,0
Pat1Train_669_0,0
Pat1Train_670_0,0
Pat1Train_671_0,0
Pat1Train_672_0,0
Pat1Train_673_0,0
Pat1Train_674_0,0
Pat1Train_675_0,0
Pat1Train_676_0,0
Pat1Train_677_0,0
Pat1Train_678_0,0
Pat1Train_679_0,0
Pat1Train_680_0,0
Pat1Train_681_0,0
Pat1Train_682_0,0
Pat1Train_683_0,0
Pat1Train_684_0,0
Pat1Train_685_0,0
Pat1Train_686_0,0
Pat1Train_687_0,0
Pat1Train_688_0,0
Pat1Train_689_0,0
Pat1Train_690_0,0
Pat1Train_733_0,0
Pat1Train_734_0,0
Pat1Train_735_0,0
Pat1Train_736_0,0
Pat1Train_737_0,0
Pat1Train_738_0,0
Pat1Train_739_0,0
Pat1Train_740_0,0
Pat1Train_741_0,0
Pat1Train_742_0,0
Pat1Train_743_0,0
Pat1Train_744_0,0
Pat1Train_745_0,0
Pat1Train_746_0,0
Pat1Train_747_0,0
Pat1Train_748_0,0
Pat1Train_749_0,0
Pat1Train_750_0,0
Pat1Train_751_0,0
Pat1Train_752_0,0
Pat1Train_753_0,0
Pat1Train_754_0,0
Pat1Train_755_0,0
Pat1Train_756_0,0
Pat1Train_757_0,0
Pat1Train_758_0,0
Pat1Train_759_0,0
Pat1Train_760_0,0
Pat1Train_761_0,0
Pat1Train_762_0,0
Pat1Train_763_0,0
Pat1Train_764_0,0
Pat1Train_765_0,0
Pat1Train_766_0,0
Pat1Train_767_0,0
Pat1Train_768_0,0
Pat1Train_817_0,0
Pat1Train_818_0,0
Pat1Train_819_0,0
Pat1Train_820_0,0
Pat1Train_821_0,0
Pat1Train_822_0,0
Pat1Train_823_0,0
Pat1Train_824_0,0
Pat1Train_825_0,0
Pat1Train_826_0,0
Pat1Train_827_0,0
Pat1Train_828_0,0
Pat1Train_829_0,0
Pat1Train_830_0,0
Pat1Train_831_0,0
Pat1Train_832_0,0
Pat1Train_833_0,0
Pat1Train_834_0,0
Pat1Train_835_0,0
Pat1Train_836_0,0
Pat1Train_837_0,0
Pat1Train_838_0,0
Pat1Train_839_0,0
Pat1Train_840_0,0
Pat1Train_841_0,0
Pat1Train_842_0,0
Pat1Train_843_0,0
Pat1Train_844_0,0
Pat1Train_845_0,0
Pat1Train_846_0,0
Pat1Train_883_0,0
Pat1Train_884_0,0
Pat1Train_885_0,0
Pat1Train_886_0,0
Pat1Train_887_0,0
Pat1Train_888_0,0
Pat1Train_889_0,0
Pat1Train_890_0,0
Pat1Train_891_0,0
Pat1Train_892_0,0
Pat1Train_893_0,0
Pat1Train_894_0,0
Pat1Train_895_0,0
Pat1Train_896_0,0
Pat1Train_897_0,0
Pat1Train_898_0,0
Pat1Train_899_0,0
Pat1Train_900_0,0
Pat1Train_901_0,0
Pat1Train_902_0,0
Pat1Train_903_0,0
Pat1Train_904_0,0
Pat1Train_905_0,0
Pat1Train_906_0,0
Pat1Train_937_0,0
Pat1Train_938_0,0
Pat1Train_939_0,0
Pat1Train_940_0,0
Pat1Train_941_0,0
Pat1Train_942_0,0
Pat1Train_943_0,0
Pat1Train_944_0,0
Pat1Train_945_0,0
Pat1Train_946_0,0
Pat1Train_947_0,0
Pat1Train_948_0,0
Pat1Train_949_0,0
Pat1Train_950_0,0
Pat1Train_951_0,0
Pat1Train_952_0,0
Pat1Train_953_0,0
Pat1Train_954_0,0
Pat1Train_955_0,0
Pat1Train_956_0,0
Pat1Train_957_0,0
Pat1Train_958_0,0
Pat1Train_959_0,0
Pat1Train_960_0,0
Pat1Train_961_0,0
Pat1Train_962_0,0
Pat1Train_963_0,0
Pat1Train_964_0,0
Pat1Train_965_0,0
Pat1Train_966_0,0
Pat1Train_967_0,0
Pat1Train_968_0,0
Pat1Train_969_0,0
Pat1Train_970_0,0
Pat1Train_971_0,0
Pat1Train_972_0,0
Pat1Train_973_0,0
Pat1Train_974_0,0
Pat1Train_975_0,0
Pat1Train_976_0,0
Pat1Train_977_0,0
Pat1Train_978_0,0
Pat1Train_979_0,0
Pat1Train_980_0,0
Pat1Train_981_0,0
Pat1Train_982_0,0
Pat1Train_983_0,0
Pat1Train_984_0,0
Pat1Train_1009_0,0
Pat1Train_1010_0,0
Pat1Train_1011_0,0
Pat1Train_1012_0,0
Pat1Train_1013_0,0
Pat1Train_1014_0,0
Pat1Train_1027_0,0
Pat1Train_1028_0,0
Pat1Train_1029_0,0
Pat1Train_1030_0,0
Pat1Train_1031_0,0
Pat1Train_1032_0,0
Pat1Train_1033_0,0
Pat1Train_1034_0,0
Pat1Train_1035_0,0
Pat1Train_1036_0,0
Pat1Train_1037_0,0
Pat1Train_1038_0,0
Pat1Train_1039_0,0
Pat1Train_1040_0,0
Pat1Train_1041_0,0
Pat1Train_1042_0,0
Pat1Train_1043_0,0
Pat1Train_1044_0,0
Pat1Train_1045_0,0
Pat1Train_1046_0,0
Pat1Train_1047_0,0
Pat1Train_1048_0,0
Pat1Train_1049_0,0
Pat1Train_1050_0,0
Pat1Train_1051_0,0
Pat1Train_1052_0,0
Pat1Train_1053_0,0
Pat1Train_1054_0,0
Pat1Train_1055_0,0
Pat1Train_1056_0,0
Pat1Train_1057_0,0
Pat1Train_1058_0,0
Pat1Train_1059_0,0
Pat1Train_1060_0,0
Pat1Train_1061_0,0
Pat1Train_1062_0,0
Pat1Train_1063_0,0
Pat1Train_1064_0,0
Pat1Train_1065_0,0
Pat1Train_1066_0,0
Pat1Train_1067_0,0
Pat1Train_1068_0,0
Pat1Train_1069_0,0
Pat1Train_1070_0,0
Pat1Train_1071_0,0
Pat1Train_1072_0,0
Pat1Train_1073_0,0
Pat1Train_1074_0,0
Pat1Train_1075_0,0
Pat1Train_1076_0,0
Pat1Train_1077_0,0
Pat1Train_1078_0,0
Pat1Train_1079_0,0
Pat1Train_1080_0,0
Pat1Train_1081_0,0
Pat1Train_1082_0,0
Pat1Train_1083_0,0
Pat1Train_1084_0,0
Pat1Train_1085_0,0
Pat1Train_1086_0,0
Pat1Train_1087_0,0
Pat1Train_1088_0,0
Pat1Train_1089_0,0
Pat1Train_1090_0,0
Pat1Train_1091_0,0
Pat1Train_1092_0,0
Pat1Train_1093_0,0
Pat1Train_1094_0,0
Pat1Train_1095_0,0
Pat1Train_1096_0,0
Pat1Train_1097_0,0
Pat1Train_1098_0,0
Pat1Train_1117_0,0
Pat1Train_1118_0,0
Pat1Train_1119_0,0
Pat1Train_1120_0,0
Pat1Train_1121_0,0
Pat1Train_1122_0,0
Pat1Train_1123_0,0
Pat1Train_1124_0,0
Pat1Train_1125_0,0
Pat1Train_1126_0,0
Pat1Train_1127_0,0
Pat1Train_1128_0,0
Pat1Train_1_1,1
Pat1Train_2_1,1
Pat1Train_3_1,1
Pat1Train_4_1,1
Pat1Train_5_1,1
Pat1Train_6_1,1
Pat1Train_7_1,1
Pat1Train_8_1,1
Pat1Train_9_1,1
Pat1Train_10_1,1
Pat1Train_11_1,1
Pat1Train_12_1,1
Pat1Train_13_1,1
Pat1Train_14_1,1
Pat1Train_15_1,1
Pat1Train_16_1,1
Pat1Train_17_1,1
Pat1Train_18_1,1
Pat1Train_19_1,1
Pat1Train_20_1,1
Pat1Train_21_1,1
Pat1Train_22_1,1
Pat1Train_23_1,1
Pat1Train_24_1,1
Pat1Train_25_1,1
Pat1Train_26_1,1
Pat1Train_27_1,1
Pat1Train_28_1,1
Pat1Train_29_1,1
Pat1Train_30_1,1
Pat1Train_31_1,1
Pat1Train_32_1,1
Pat1Train_33_1,1
Pat1Train_34_1,1
Pat1Train_35_1,1
Pat1Train_36_1,1
Pat1Train_37_1,1
Pat1Train_38_1,1
Pat1Train_39_1,1
Pat1Train_40_1,1
Pat1Train_41_1,1
Pat1Train_42_1,1
Pat1Train_43_1,1
Pat1Train_44_1,1
Pat1Train_45_1,1
Pat1Train_46_1,1
Pat1Train_47_1,1
Pat1Train_48_1,1
Pat1Train_49_1,1
Pat1Train_50_1,1
Pat1Train_51_1,1
Pat1Train_52_1,1
Pat1Train_53_1,1
Pat1Train_54_1,1
Pat1Train_55_1,1
Pat1Train_56_1,1
Pat1Train_57_1,1
Pat1Train_58_1,1
Pat1Train_59_1,1
Pat1Train_60_1,1
Pat1Train_61_1,1
Pat1Train_62_1,1
Pat1Train_63_1,1
Pat1Train_64_1,1
Pat1Train_65_1,1
Pat1Train_66_1,1
Pat1Train_67_1,1
Pat1Train_68_1,1
Pat1Train_69_1,1
Pat1Train_70_1,1
Pat1Train_71_1,1
Pat1Train_72_1,1
Pat1Train_73_1,1
Pat1Train_74_1,1
Pat1Train_75_1,1
Pat1Train_76_1,1
Pat1Train_77_1,1
Pat1Train_78_1,1
Pat1Train_79_1,1
Pat1Train_80_1,1
Pat1Train_81_1,1
Pat1Train_82_1,1
Pat1Train_83_1,1
Pat1Train_84_1,1
Pat1Train_85_1,1
Pat1Train_86_1,1
Pat1Train_87_1,1
Pat1Train_88_1,1
Pat1Train_89_1,1
Pat1Train_90_1,1
Pat1Train_91_1,1
Pat1Train_92_1,1
Pat1Train_93_1,1
Pat1Train_94_1,1
Pat1Train_95_1,1
Pat1Train_96_1,1
Pat1Train_97_1,1
Pat1Train_98_1,1
Pat1Train_99_1,1
Pat1Train_100_1,1
Pat1Train_101_1,1
Pat1Train_102_1,1
Pat1Train_103_1,1
Pat1Train_104_1,1
Pat1Train_105_1,1
Pat1Train_106_1,1
Pat1Train_107_1,1
Pat1Train_108_1,1
Pat1Train_109_1,1
Pat1Train_110_1,1
Pat1Train_111_1,1
Pat1Train_112_1,1
Pat1Train_113_1,1
Pat1Train_114_1,1
Pat1Train_115_1,1
Pat1Train_116_1,1
Pat1Train_117_1,1
Pat1Train_118_1,1
Pat1Train_119_1,1
Pat1Train_120_1,1
Pat1Train_121_1,1
Pat1Train_122_1,1
Pat1Train_123_1,1
Pat1Train_124_1,1
Pat1Train_125_1,1
Pat1Train_126_1,1
Pat1Train_127_1,1
Pat1Train_128_1,1
Pat1Train_129_1,1
Pat1Train_130_1,1
Pat1Train_131_1,1
Pat1Train_132_1,1
Pat1Train_133_1,1
Pat1Train_134_1,1
Pat1Train_135_1,1
Pat1Train_136_1,1
Pat1Train_137_1,1
Pat1Train_138_1,1
Pat1Train_139_1,1
Pat1Train_140_1,1
Pat1Train_141_1,1
Pat1Train_142_1,1
Pat1Train_143_1,1
Pat1Train_144_1,1
Pat1Train_145_1,1
Pat1Train_146_1,1
Pat1Train_147_1,1
Pat1Train_148_1,1
Pat1Train_149_1,1
Pat1Train_150_1,1
Pat1Train_158_1,1
Pat1Train_167_1,1
Pat1Train_169_1,1
Pat1Train_176_1,1
Pat1Train_218_1,1
Pat1Train_225_1,1
Pat1Train_257_1,1
Pat1Train_262_1,1
Pat1Train_276_1,1
Pat1Train_301_1,1
Pat1Train_319_1,1
Pat1Train_333_1,1
Pat1Train_352_1,1
Pat1Train_366_1,1
Pat1Train_389_1,1
Pat1Train_395_1,1
Pat1Train_414_1,1
Pat1Train_421_1,1
Pat1Train_450_1,1
Pat1Train_468_1,1
Pat1Train_472_1,1
Pat1Train_491_1,1
Pat1Train_500_1,1
Pat1Train_504_1,1
Pat1Train_508_1,1
Pat1Train_536_1,1
Pat1Train_552_1,1
Pat1Train_553_1,1
Pat1Train_582_1,1
Pat1Train_610_1,1
Pat1Train_664_1,1
Pat1Train_667_1,1
Pat1Train_668_1,1
Pat1Train_677_1,1
Pat1Train_691_1,1
Pat1Train_692_1,1
Pat1Train_706_1,1
Pat1Train_707_1,1
Pat1Train_709_1,1
Pat1Train_734_1,1
Pat1Train_735_1,1
Pat1Train_736_1,1
Pat1Train_747_1,1
Pat1Train_757_1,1
Pat1Train_758_1,1
Pat1Train_762_1,1
Pat1Train_769_1,1
Pat1Train_775_1,1
Pat1Train_787_1,1
Pat1Train_802_1,1
Pat1Train_804_1,1
Pat1Train_815_1,1
Pat1Train_841_1,1
Pat1Train_847_1,1
Pat1Train_850_1,1
Pat1Train_851_1,1
Pat1Train_882_1,1
Pat1Train_883_1,1
Pat1Train_897_1,1
Pat1Train_904_1,1
Pat1Train_926_1,1
Pat1Train_953_1,1
Pat1Train_1012_1,1
Pat1Train_1037_1,1
Pat1Train_1066_1,1
Pat1Train_1071_1,1
Pat1Train_1113_1,1
Pat1Train_1124_1,1
Pat1Train_1126_1,1
Pat1Train_1159_1,1
Pat1Train_1171_1,1
Pat1Train_1204_1,1
Pat1Train_1223_1,1
Pat1Train_1236_1,1
Pat1Train_1254_1,1
Pat1Train_1292_1,1
Pat1Train_1316_1,1
Pat1Train_1319_1,1
Pat1Train_1332_1,1
Pat1Train_1365_1,1
Pat1Train_1380_1,1
Pat1Train_1382_1,1
Pat1Train_1393_1,1
Pat1Train_1397_1,1
Pat1Train_1408_1,1
Pat1Train_1477_1,1
Pat1Train_1483_1,1
Pat1Train_1496_1,1
Pat1Train_1498_1,1
Pat1Train_1503_1,1
Pat1Train_1505_1,1
Pat1Train_1516_1,1
Pat1Train_1524_1,1
Pat1Train_1530_1,1
Pat1Train_1540_1,1
Pat1Train_1560_1,1
Pat1Train_1567_1,1
Pat1Train_1577_1,1
Pat1Train_1588_1,1
Pat1Train_1604_1,1
Pat1Train_1609_1,1
Pat1Train_1644_1,1
Pat1Train_1656_1,1
Pat1Train_1680_1,1
Pat1Train_1683_1,1
Pat1Train_1728_1,1
Pat2Train_1_0,0
Pat2Train_2_0,0
Pat2Train_3_0,0
Pat2Train_4_0,0
Pat2Train_5_0,0
Pat2Train_6_0,0
Pat2Train_7_0,0
Pat2Train_8_0,0
Pat2Train_9_0,0
Pat2Train_10_0,0
Pat2Train_11_0,0
Pat2Train_12_0,0
Pat2Train_13_0,0
Pat2Train_14_0,0
Pat2Train_15_0,0
Pat2Train_16_0,0
Pat2Train_17_0,0
Pat2Train_18_0,0
Pat2Train_19_0,0
Pat2Train_20_0,0
Pat2Train_21_0,0
Pat2Train_22_0,0
Pat2Train_23_0,0
Pat2Train_24_0,0
Pat2Train_25_0,0
Pat2Train_26_0,0
Pat2Train_27_0,0
Pat2Train_28_0,0
Pat2Train_29_0,0
Pat2Train_30_0,0
Pat2Train_31_0,0
Pat2Train_32_0,0
Pat2Train_33_0,0
Pat2Train_34_0,0
Pat2Train_35_0,0
Pat2Train_36_0,0
Pat2Train_37_0,0
Pat2Train_38_0,0
Pat2Train_39_0,0
Pat2Train_40_0,0
Pat2Train_41_0,0
Pat2Train_42_0,0
Pat2Train_43_0,0
Pat2Train_44_0,0
Pat2Train_45_0,0
Pat2Train_46_0,0
Pat2Train_47_0,0
Pat2Train_48_0,0
Pat2Train_49_0,0
Pat2Train_50_0,0
Pat2Train_51_0,0
Pat2Train_52_0,0
Pat2Train_53_0,0
Pat2Train_54_0,0
Pat2Train_79_0,0
Pat2Train_80_0,0
Pat2Train_81_0,0
Pat2Train_82_0,0
Pat2Train_83_0,0
Pat2Train_84_0,0
Pat2Train_85_0,0
Pat2Train_86_0,0
Pat2Train_87_0,0
Pat2Train_88_0,0
Pat2Train_89_0,0
Pat2Train_90_0,0
Pat2Train_91_0,0
Pat2Train_92_0,0
Pat2Train_93_0,0
Pat2Train_94_0,0
Pat2Train_95_0,0
Pat2Train_96_0,0
Pat2Train_97_0,0
Pat2Train_98_0,0
Pat2Train_99_0,0
Pat2Train_100_0,0
Pat2Train_101_0,0
Pat2Train_102_0,0
Pat2Train_103_0,0
Pat2Train_104_0,0
Pat2Train_105_0,0
Pat2Train_106_0,0
Pat2Train_107_0,0
Pat2Train_108_0,0
Pat2Train_109_0,0
Pat2Train_110_0,0
Pat2Train_111_0,0
Pat2Train_112_0,0
Pat2Train_113_0,0
Pat2Train_114_0,0
Pat2Train_115_0,0
Pat2Train_116_0,0
Pat2Train_117_0,0
Pat2Train_118_0,0
Pat2Train_119_0,0
Pat2Train_120_0,0
Pat2Train_121_0,0
Pat2Train_122_0,0
Pat2Train_123_0,0
Pat2Train_124_0,0
Pat2Train_125_0,0
Pat2Train_126_0,0
Pat2Train_127_0,0
Pat2Train_128_0,0
Pat2Train_129_0,0
Pat2Train_130_0,0
Pat2Train_131_0,0
Pat2Train_132_0,0
Pat2Train_133_0,0
Pat2Train_134_0,0
Pat2Train_135_0,0
Pat2Train_136_0,0
Pat2Train_137_0,0
Pat2Train_138_0,0
Pat2Train_139_0,0
Pat2Train_140_0,0
Pat2Train_141_0,0
Pat2Train_142_0,0
Pat2Train_143_0,0
Pat2Train_144_0,0
Pat2Train_145_0,0
Pat2Train_146_0,0
Pat2Train_147_0,0
Pat2Train_148_0,0
Pat2Train_149_0,0
Pat2Train_150_0,0
Pat2Train_151_0,0
Pat2Train_152_0,0
Pat2Train_153_0,0
Pat2Train_154_0,0
Pat2Train_155_0,0
Pat2Train_156_0,0
Pat2Train_157_0,0
Pat2Train_158_0,0
Pat2Train_159_0,0
Pat2Train_160_0,0
Pat2Train_161_0,0
Pat2Train_162_0,0
Pat2Train_163_0,0
Pat2Train_164_0,0
Pat2Train_165_0,0
Pat2Train_166_0,0
Pat2Train_167_0,0
Pat2Train_168_0,0
Pat2Train_169_0,0
Pat2Train_170_0,0
Pat2Train_171_0,0
Pat2Train_172_0,0
Pat2Train_173_0,0
Pat2Train_174_0,0
Pat2Train_175_0,0
Pat2Train_176_0,0
Pat2Train_177_0,0
Pat2Train_178_0,0
Pat2Train_179_0,0
Pat2Train_180_0,0
Pat2Train_181_0,0
Pat2Train_182_0,0
Pat2Train_183_0,0
Pat2Train_184_0,0
Pat2Train_185_0,0
Pat2Train_186_0,0
Pat2Train_187_0,0
Pat2Train_188_0,0
Pat2Train_189_0,0
Pat2Train_190_0,0
Pat2Train_191_0,0
Pat2Train_192_0,0
Pat2Train_193_0,0
Pat2Train_194_0,0
Pat2Train_195_0,0
Pat2Train_196_0,0
Pat2Train_197_0,0
Pat2Train_198_0,0
Pat2Train_199_0,0
Pat2Train_200_0,0
Pat2Train_201_0,0
Pat2Train_202_0,0
Pat2Train_203_0,0
Pat2Train_204_0,0
Pat2Train_217_0,0
Pat2Train_218_0,0
Pat2Train_219_0,0
Pat2Train_220_0,0
Pat2Train_221_0,0
Pat2Train_222_0,0
Pat2Train_223_0,0
Pat2Train_224_0,0
Pat2Train_225_0,0
Pat2Train_226_0,0
Pat2Train_227_0,0
Pat2Train_228_0,0
Pat2Train_229_0,0
Pat2Train_230_0,0
Pat2Train_231_0,0
Pat2Train_232_0,0
Pat2Train_233_0,0
Pat2Train_234_0,0
Pat2Train_235_0,0
Pat2Train_236_0,0
Pat2Train_237_0,0
Pat2Train_238_0,0
Pat2Train_239_0,0
Pat2Train_240_0,0
Pat2Train_241_0,0
Pat2Train_242_0,0
Pat2Train_243_0,0
Pat2Train_244_0,0
Pat2Train_245_0,0
Pat2Train_246_0,0
Pat2Train_247_0,0
Pat2Train_248_0,0
Pat2Train_249_0,0
Pat2Train_250_0,0
Pat2Train_251_0,0
Pat2Train_252_0,0
Pat2Train_253_0,0
Pat2Train_254_0,0
Pat2Train_255_0,0
Pat2Train_256_0,0
Pat2Train_257_0,0
Pat2Train_258_0,0
Pat2Train_259_0,0
Pat2Train_260_0,0
Pat2Train_261_0,0
Pat2Train_262_0,0
Pat2Train_263_0,0
Pat2Train_264_0,0
Pat2Train_265_0,0
Pat2Train_266_0,0
Pat2Train_267_0,0
Pat2Train_268_0,0
Pat2Train_269_0,0
Pat2Train_270_0,0
Pat2Train_271_0,0
Pat2Train_272_0,0
Pat2Train_273_0,0
Pat2Train_274_0,0
Pat2Train_275_0,0
Pat2Train_276_0,0
Pat2Train_277_0,0
Pat2Train_278_0,0
Pat2Train_279_0,0
Pat2Train_280_0,0
Pat2Train_281_0,0
Pat2Train_282_0,0
Pat2Train_283_0,0
Pat2Train_284_0,0
Pat2Train_285_0,0
Pat2Train_286_0,0
Pat2Train_287_0,0
Pat2Train_288_0,0
Pat2Train_289_0,0
Pat2Train_290_0,0
Pat2Train_291_0,0
Pat2Train_292_0,0
Pat2Train_293_0,0
Pat2Train_294_0,0
Pat2Train_295_0,0
Pat2Train_296_0,0
Pat2Train_297_0,0
Pat2Train_298_0,0
Pat2Train_299_0,0
Pat2Train_300_0,0
Pat2Train_301_0,0
Pat2Train_302_0,0
Pat2Train_303_0,0
Pat2Train_304_0,0
Pat2Train_305_0,0
Pat2Train_306_0,0
Pat2Train_307_0,0
Pat2Train_308_0,0
Pat2Train_309_0,0
Pat2Train_310_0,0
Pat2Train_311_0,0
Pat2Train_312_0,0
Pat2Train_313_0,0
Pat2Train_314_0,0
Pat2Train_315_0,0
Pat2Train_316_0,0
Pat2Train_317_0,0
Pat2Train_318_0,0
Pat2Train_319_0,0
Pat2Train_320_0,0
Pat2Train_321_0,0
Pat2Train_322_0,0
Pat2Train_323_0,0
Pat2Train_324_0,0
Pat2Train_325_0,0
Pat2Train_326_0,0
Pat2Train_327_0,0
Pat2Train_328_0,0
Pat2Train_329_0,0
Pat2Train_330_0,0
Pat2Train_331_0,0
Pat2Train_332_0,0
Pat2Train_333_0,0
Pat2Train_334_0,0
Pat2Train_335_0,0
Pat2Train_336_0,0
Pat2Train_337_0,0
Pat2Train_338_0,0
Pat2Train_339_0,0
Pat2Train_340_0,0
Pat2Train_341_0,0
Pat2Train_342_0,0
Pat2Train_343_0,0
Pat2Train_344_0,0
Pat2Train_345_0,0
Pat2Train_346_0,0
Pat2Train_347_0,0
Pat2Train_348_0,0
Pat2Train_349_0,0
Pat2Train_350_0,0
Pat2Train_351_0,0
Pat2Train_352_0,0
Pat2Train_353_0,0
Pat2Train_354_0,0
Pat2Train_355_0,0
Pat2Train_356_0,0
Pat2Train_357_0,0
Pat2Train_358_0,0
Pat2Train_359_0,0
Pat2Train_360_0,0
Pat2Train_361_0,0
Pat2Train_362_0,0
Pat2Train_363_0,0
Pat2Train_364_0,0
Pat2Train_365_0,0
Pat2Train_366_0,0
Pat2Train_367_0,0
Pat2Train_368_0,0
Pat2Train_369_0,0
Pat2Train_370_0,0
Pat2Train_371_0,0
Pat2Train_372_0,0
Pat2Train_373_0,0
Pat2Train_374_0,0
Pat2Train_375_0,0
Pat2Train_376_0,0
Pat2Train_377_0,0
Pat2Train_378_0,0
Pat2Train_379_0,0
Pat2Train_380_0,0
Pat2Train_381_0,0
Pat2Train_382_0,0
Pat2Train_383_0,0
Pat2Train_384_0,0
Pat2Train_385_0,0
Pat2Train_386_0,0
Pat2Train_387_0,0
Pat2Train_388_0,0
Pat2Train_389_0,0
Pat2Train_390_0,0
Pat2Train_409_0,0
Pat2Train_410_0,0
Pat2Train_411_0,0
Pat2Train_412_0,0
Pat2Train_413_0,0
Pat2Train_414_0,0
Pat2Train_415_0,0
Pat2Train_416_0,0
Pat2Train_417_0,0
Pat2Train_418_0,0
Pat2Train_419_0,0
Pat2Train_420_0,0
Pat2Train_421_0,0
Pat2Train_422_0,0
Pat2Train_423_0,0
Pat2Train_424_0,0
Pat2Train_425_0,0
Pat2Train_426_0,0
Pat2Train_475_0,0
Pat2Train_476_0,0
Pat2Train_477_0,0
Pat2Train_478_0,0
Pat2Train_479_0,0
Pat2Train_480_0,0
Pat2Train_481_0,0
Pat2Train_482_0,0
Pat2Train_483_0,0
Pat2Train_484_0,0
Pat2Train_485_0,0
Pat2Train_486_0,0
Pat2Train_487_0,0
Pat2Train_488_0,0
Pat2Train_489_0,0
Pat2Train_490_0,0
Pat2Train_491_0,0
Pat2Train_492_0,0
Pat2Train_493_0,0
Pat2Train_494_0,0
Pat2Train_495_0,0
Pat2Train_496_0,0
Pat2Train_497_0,0
Pat2Train_498_0,0
Pat2Train_499_0,0
Pat2Train_500_0,0
Pat2Train_501_0,0
Pat2Train_502_0,0
Pat2Train_503_0,0
Pat2Train_504_0,0
Pat2Train_505_0,0
Pat2Train_506_0,0
Pat2Train_507_0,0
Pat2Train_508_0,0
Pat2Train_509_0,0
Pat2Train_510_0,0
Pat2Train_511_0,0
Pat2Train_512_0,0
Pat2Train_513_0,0
Pat2Train_514_0,0
Pat2Train_515_0,0
Pat2Train_516_0,0
Pat2Train_517_0,0
Pat2Train_518_0,0
Pat2Train_519_0,0
Pat2Train_520_0,0
Pat2Train_521_0,0
Pat2Train_522_0,0
Pat2Train_547_0,0
Pat2Train_548_0,0
Pat2Train_549_0,0
Pat2Train_550_0,0
Pat2Train_551_0,0
Pat2Train_552_0,0
Pat2Train_553_0,0
Pat2Train_554_0,0
Pat2Train_555_0,0
Pat2Train_556_0,0
Pat2Train_557_0,0
Pat2Train_558_0,0
Pat2Train_559_0,0
Pat2Train_560_0,0
Pat2Train_561_0,0
Pat2Train_562_0,0
Pat2Train_563_0,0
Pat2Train_564_0,0
Pat2Train_565_0,0
Pat2Train_566_0,0
Pat2Train_567_0,0
Pat2Train_568_0,0
Pat2Train_569_0,0
Pat2Train_570_0,0
Pat2Train_571_0,0
Pat2Train_572_0,0
Pat2Train_573_0,0
Pat2Train_574_0,0
Pat2Train_575_0,0
Pat2Train_576_0,0
Pat2Train_577_0,0
Pat2Train_578_0,0
Pat2Train_579_0,0
Pat2Train_580_0,0
Pat2Train_581_0,0
Pat2Train_582_0,0
Pat2Train_583_0,0
Pat2Train_584_0,0
Pat2Train_585_0,0
Pat2Train_586_0,0
Pat2Train_587_0,0
Pat2Train_588_0,0
Pat2Train_589_0,0
Pat2Train_590_0,0
Pat2Train_591_0,0
Pat2Train_592_0,0
Pat2Train_593_0,0
Pat2Train_594_0,0
Pat2Train_595_0,0
Pat2Train_596_0,0
Pat2Train_597_0,0
Pat2Train_598_0,0
Pat2Train_599_0,0
Pat2Train_600_0,0
Pat2Train_601_0,0
Pat2Train_602_0,0
Pat2Train_603_0,0
Pat2Train_604_0,0
Pat2Train_605_0,0
Pat2Train_606_0,0
Pat2Train_607_0,0
Pat2Train_608_0,0
Pat2Train_609_0,0
Pat2Train_610_0,0
Pat2Train_611_0,0
Pat2Train_612_0,0
Pat2Train_613_0,0
Pat2Train_614_0,0
Pat2Train_615_0,0
Pat2Train_616_0,0
Pat2Train_617_0,0
Pat2Train_618_0,0
Pat2Train_619_0,0
Pat2Train_620_0,0
Pat2Train_621_0,0
Pat2Train_622_0,0
Pat2Train_623_0,0
Pat2Train_624_0,0
Pat2Train_625_0,0
Pat2Train_626_0,0
Pat2Train_627_0,0
Pat2Train_628_0,0
Pat2Train_629_0,0
Pat2Train_630_0,0
Pat2Train_631_0,0
Pat2Train_632_0,0
Pat2Train_633_0,0
Pat2Train_634_0,0
Pat2Train_635_0,0
Pat2Train_636_0,0
Pat2Train_637_0,0
Pat2Train_638_0,0
Pat2Train_639_0,0
Pat2Train_640_0,0
Pat2Train_641_0,0
Pat2Train_642_0,0
Pat2Train_643_0,0
Pat2Train_644_0,0
Pat2Train_645_0,0
Pat2Train_646_0,0
Pat2Train_647_0,0
Pat2Train_648_0,0
Pat2Train_649_0,0
Pat2Train_650_0,0
Pat2Train_651_0,0
Pat2Train_652_0,0
Pat2Train_653_0,0
Pat2Train_654_0,0
Pat2Train_655_0,0
Pat2Train_656_0,0
Pat2Train_657_0,0
Pat2Train_658_0,0
Pat2Train_659_0,0
Pat2Train_660_0,0
Pat2Train_661_0,0
Pat2Train_662_0,0
Pat2Train_663_0,0
Pat2Train_664_0,0
Pat2Train_665_0,0
Pat2Train_666_0,0
Pat2Train_667_0,0
Pat2Train_668_0,0
Pat2Train_669_0,0
Pat2Train_670_0,0
Pat2Train_671_0,0
Pat2Train_672_0,0
Pat2Train_673_0,0
Pat2Train_674_0,0
Pat2Train_675_0,0
Pat2Train_676_0,0
Pat2Train_677_0,0
Pat2Train_678_0,0
Pat2Train_679_0,0
Pat2Train_680_0,0
Pat2Train_681_0,0
Pat2Train_682_0,0
Pat2Train_683_0,0
Pat2Train_684_0,0
Pat2Train_685_0,0
Pat2Train_686_0,0
Pat2Train_687_0,0
Pat2Train_688_0,0
Pat2Train_689_0,0
Pat2Train_690_0,0
Pat2Train_691_0,0
Pat2Train_692_0,0
Pat2Train_693_0,0
Pat2Train_694_0,0
Pat2Train_695_0,0
Pat2Train_696_0,0
Pat2Train_697_0,0
Pat2Train_698_0,0
Pat2Train_699_0,0
Pat2Train_700_0,0
Pat2Train_701_0,0
Pat2Train_702_0,0
Pat2Train_703_0,0
Pat2Train_704_0,0
Pat2Train_705_0,0
Pat2Train_706_0,0
Pat2Train_707_0,0
Pat2Train_708_0,0
Pat2Train_709_0,0
Pat2Train_710_0,0
Pat2Train_711_0,0
Pat2Train_712_0,0
Pat2Train_713_0,0
Pat2Train_714_0,0
Pat2Train_715_0,0
Pat2Train_716_0,0
Pat2Train_717_0,0
Pat2Train_718_0,0
Pat2Train_719_0,0
Pat2Train_720_0,0
Pat2Train_721_0,0
Pat2Train_722_0,0
Pat2Train_723_0,0
Pat2Train_724_0,0
Pat2Train_725_0,0
Pat2Train_726_0,0
Pat2Train_727_0,0
Pat2Train_728_0,0
Pat2Train_729_0,0
Pat2Train_730_0,0
Pat2Train_731_0,0
Pat2Train_732_0,0
Pat2Train_733_0,0
Pat2Train_734_0,0
Pat2Train_735_0,0
Pat2Train_736_0,0
Pat2Train_737_0,0
Pat2Train_738_0,0
Pat2Train_739_0,0
Pat2Train_740_0,0
Pat2Train_741_0,0
Pat2Train_742_0,0
Pat2Train_743_0,0
Pat2Train_744_0,0
Pat2Train_745_0,0
Pat2Train_746_0,0
Pat2Train_747_0,0
Pat2Train_748_0,0
Pat2Train_749_0,0
Pat2Train_750_0,0
Pat2Train_751_0,0
Pat2Train_752_0,0
Pat2Train_753_0,0
Pat2Train_754_0,0
Pat2Train_755_0,0
Pat2Train_756_0,0
Pat2Train_757_0,0
Pat2Train_758_0,0
Pat2Train_759_0,0
Pat2Train_760_0,0
Pat2Train_761_0,0
Pat2Train_762_0,0
Pat2Train_781_0,0
Pat2Train_782_0,0
Pat2Train_783_0,0
Pat2Train_784_0,0
Pat2Train_785_0,0
Pat2Train_786_0,0
Pat2Train_787_0,0
Pat2Train_788_0,0
Pat2Train_789_0,0
Pat2Train_790_0,0
Pat2Train_791_0,0
Pat2Train_792_0,0
Pat2Train_793_0,0
Pat2Train_794_0,0
Pat2Train_795_0,0
Pat2Train_796_0,0
Pat2Train_797_0,0
Pat2Train_798_0,0
Pat2Train_799_0,0
Pat2Train_800_0,0
Pat2Train_801_0,0
Pat2Train_802_0,0
Pat2Train_803_0,0
Pat2Train_804_0,0
Pat2Train_805_0,0
Pat2Train_806_0,0
Pat2Train_807_0,0
Pat2Train_808_0,0
Pat2Train_809_0,0
Pat2Train_810_0,0
Pat2Train_811_0,0
Pat2Train_812_0,0
Pat2Train_813_0,0
Pat2Train_814_0,0
Pat2Train_815_0,0
Pat2Train_816_0,0
Pat2Train_817_0,0
Pat2Train_818_0,0
Pat2Train_819_0,0
Pat2Train_820_0,0
Pat2Train_821_0,0
Pat2Train_822_0,0
Pat2Train_823_0,0
Pat2Train_824_0,0
Pat2Train_825_0,0
Pat2Train_826_0,0
Pat2Train_827_0,0
Pat2Train_828_0,0
Pat2Train_829_0,0
Pat2Train_830_0,0
Pat2Train_831_0,0
Pat2Train_832_0,0
Pat2Train_833_0,0
Pat2Train_834_0,0
Pat2Train_835_0,0
Pat2Train_836_0,0
Pat2Train_837_0,0
Pat2Train_838_0,0
Pat2Train_839_0,0
Pat2Train_840_0,0
Pat2Train_841_0,0
Pat2Train_842_0,0
Pat2Train_843_0,0
Pat2Train_844_0,0
Pat2Train_845_0,0
Pat2Train_846_0,0
Pat2Train_847_0,0
Pat2Train_848_0,0
Pat2Train_849_0,0
Pat2Train_850_0,0
Pat2Train_851_0,0
Pat2Train_852_0,0
Pat2Train_853_0,0
Pat2Train_854_0,0
Pat2Train_855_0,0
Pat2Train_856_0,0
Pat2Train_857_0,0
Pat2Train_858_0,0
Pat2Train_859_0,0
Pat2Train_860_0,0
Pat2Train_861_0,0
Pat2Train_862_0,0
Pat2Train_863_0,0
Pat2Train_864_0,0
Pat2Train_865_0,0
Pat2Train_866_0,0
Pat2Train_867_0,0
Pat2Train_868_0,0
Pat2Train_869_0,0
Pat2Train_870_0,0
Pat2Train_871_0,0
Pat2Train_872_0,0
Pat2Train_873_0,0
Pat2Train_874_0,0
Pat2Train_875_0,0
Pat2Train_876_0,0
Pat2Train_883_0,0
Pat2Train_884_0,0
Pat2Train_885_0,0
Pat2Train_886_0,0
Pat2Train_887_0,0
Pat2Train_888_0,0
Pat2Train_889_0,0
Pat2Train_890_0,0
Pat2Train_891_0,0
Pat2Train_892_0,0
Pat2Train_893_0,0
Pat2Train_894_0,0
Pat2Train_895_0,0
Pat2Train_896_0,0
Pat2Train_897_0,0
Pat2Train_898_0,0
Pat2Train_899_0,0
Pat2Train_900_0,0
Pat2Train_901_0,0
Pat2Train_902_0,0
Pat2Train_903_0,0
Pat2Train_904_0,0
Pat2Train_905_0,0
Pat2Train_906_0,0
Pat2Train_907_0,0
Pat2Train_908_0,0
Pat2Train_909_0,0
Pat2Train_910_0,0
Pat2Train_911_0,0
Pat2Train_912_0,0
Pat2Train_913_0,0
Pat2Train_914_0,0
Pat2Train_915_0,0
Pat2Train_916_0,0
Pat2Train_917_0,0
Pat2Train_918_0,0
Pat2Train_919_0,0
Pat2Train_920_0,0
Pat2Train_921_0,0
Pat2Train_922_0,0
Pat2Train_923_0,0
Pat2Train_924_0,0
Pat2Train_925_0,0
Pat2Train_926_0,0
Pat2Train_927_0,0
Pat2Train_928_0,0
Pat2Train_929_0,0
Pat2Train_930_0,0
Pat2Train_931_0,0
Pat2Train_932_0,0
Pat2Train_933_0,0
Pat2Train_934_0,0
Pat2Train_935_0,0
Pat2Train_936_0,0
Pat2Train_937_0,0
Pat2Train_938_0,0
Pat2Train_939_0,0
Pat2Train_940_0,0
Pat2Train_941_0,0
Pat2Train_942_0,0
Pat2Train_943_0,0
Pat2Train_944_0,0
Pat2Train_945_0,0
Pat2Train_946_0,0
Pat2Train_947_0,0
Pat2Train_948_0,0
Pat2Train_949_0,0
Pat2Train_950_0,0
Pat2Train_951_0,0
Pat2Train_952_0,0
Pat2Train_953_0,0
Pat2Train_954_0,0
Pat2Train_955_0,0
Pat2Train_956_0,0
Pat2Train_957_0,0
Pat2Train_958_0,0
Pat2Train_959_0,0
Pat2Train_960_0,0
Pat2Train_961_0,0
Pat2Train_962_0,0
Pat2Train_963_0,0
Pat2Train_964_0,0
Pat2Train_965_0,0
Pat2Train_966_0,0
Pat2Train_967_0,0
Pat2Train_968_0,0
Pat2Train_969_0,0
Pat2Train_970_0,0
Pat2Train_971_0,0
Pat2Train_972_0,0
Pat2Train_973_0,0
Pat2Train_974_0,0
Pat2Train_975_0,0
Pat2Train_976_0,0
Pat2Train_977_0,0
Pat2Train_978_0,0
Pat2Train_979_0,0
Pat2Train_980_0,0
Pat2Train_981_0,0
Pat2Train_982_0,0
Pat2Train_983_0,0
Pat2Train_984_0,0
Pat2Train_985_0,0
Pat2Train_986_0,0
Pat2Train_987_0,0
Pat2Train_988_0,0
Pat2Train_989_0,0
Pat2Train_990_0,0
Pat2Train_991_0,0
Pat2Train_992_0,0
Pat2Train_993_0,0
Pat2Train_994_0,0
Pat2Train_995_0,0
Pat2Train_996_0,0
Pat2Train_997_0,0
Pat2Train_998_0,0
Pat2Train_999_0,0
Pat2Train_1000_0,0
Pat2Train_1001_0,0
Pat2Train_1002_0,0
Pat2Train_1003_0,0
Pat2Train_1004_0,0
Pat2Train_1005_0,0
Pat2Train_1006_0,0
Pat2Train_1007_0,0
Pat2Train_1008_0,0
Pat2Train_1009_0,0
Pat2Train_1010_0,0
Pat2Train_1011_0,0
Pat2Train_1012_0,0
Pat2Train_1013_0,0
Pat2Train_1014_0,0
Pat2Train_1015_0,0
Pat2Train_1016_0,0
Pat2Train_1017_0,0
Pat2Train_1018_0,0
Pat2Train_1019_0,0
Pat2Train_1020_0,0
Pat2Train_1021_0,0
Pat2Train_1022_0,0
Pat2Train_1023_0,0
Pat2Train_1024_0,0
Pat2Train_1025_0,0
Pat2Train_1026_0,0
Pat2Train_1027_0,0
Pat2Train_1028_0,0
Pat2Train_1029_0,0
Pat2Train_1030_0,0
Pat2Train_1031_0,0
Pat2Train_1032_0,0
Pat2Train_1033_0,0
Pat2Train_1034_0,0
Pat2Train_1035_0,0
Pat2Train_1036_0,0
Pat2Train_1037_0,0
Pat2Train_1038_0,0
Pat2Train_1039_0,0
Pat2Train_1040_0,0
Pat2Train_1041_0,0
Pat2Train_1042_0,0
Pat2Train_1043_0,0
Pat2Train_1044_0,0
Pat2Train_1045_0,0
Pat2Train_1046_0,0
Pat2Train_1047_0,0
Pat2Train_1048_0,0
Pat2Train_1049_0,0
Pat2Train_1050_0,0
Pat2Train_1051_0,0
Pat2Train_1052_0,0
Pat2Train_1053_0,0
Pat2Train_1054_0,0
Pat2Train_1055_0,0
Pat2Train_1056_0,0
Pat2Train_1057_0,0
Pat2Train_1058_0,0
Pat2Train_1059_0,0
Pat2Train_1060_0,0
Pat2Train_1061_0,0
Pat2Train_1062_0,0
Pat2Train_1063_0,0
Pat2Train_1064_0,0
Pat2Train_1065_0,0
Pat2Train_1066_0,0
Pat2Train_1067_0,0
Pat2Train_1068_0,0
Pat2Train_1069_0,0
Pat2Train_1070_0,0
Pat2Train_1071_0,0
Pat2Train_1072_0,0
Pat2Train_1073_0,0
Pat2Train_1074_0,0
Pat2Train_1075_0,0
Pat2Train_1076_0,0
Pat2Train_1077_0,0
Pat2Train_1078_0,0
Pat2Train_1079_0,0
Pat2Train_1080_0,0
Pat2Train_1081_0,0
Pat2Train_1082_0,0
Pat2Train_1083_0,0
Pat2Train_1084_0,0
Pat2Train_1085_0,0
Pat2Train_1086_0,0
Pat2Train_1087_0,0
Pat2Train_1088_0,0
Pat2Train_1089_0,0
Pat2Train_1090_0,0
Pat2Train_1091_0,0
Pat2Train_1092_0,0
Pat2Train_1093_0,0
Pat2Train_1094_0,0
Pat2Train_1095_0,0
Pat2Train_1096_0,0
Pat2Train_1097_0,0
Pat2Train_1098_0,0
Pat2Train_1099_0,0
Pat2Train_1100_0,0
Pat2Train_1101_0,0
Pat2Train_1102_0,0
Pat2Train_1103_0,0
Pat2Train_1104_0,0
Pat2Train_1105_0,0
Pat2Train_1106_0,0
Pat2Train_1107_0,0
Pat2Train_1108_0,0
Pat2Train_1109_0,0
Pat2Train_1110_0,0
Pat2Train_1111_0,0
Pat2Train_1112_0,0
Pat2Train_1113_0,0
Pat2Train_1114_0,0
Pat2Train_1115_0,0
Pat2Train_1116_0,0
Pat2Train_1117_0,0
Pat2Train_1118_0,0
Pat2Train_1119_0,0
Pat2Train_1120_0,0
Pat2Train_1121_0,0
Pat2Train_1122_0,0
Pat2Train_1123_0,0
Pat2Train_1124_0,0
Pat2Train_1125_0,0
Pat2Train_1126_0,0
Pat2Train_1127_0,0
Pat2Train_1128_0,0
Pat2Train_1129_0,0
Pat2Train_1130_0,0
Pat2Train_1131_0,0
Pat2Train_1132_0,0
Pat2Train_1133_0,0
Pat2Train_1134_0,0
Pat2Train_1135_0,0
Pat2Train_1136_0,0
Pat2Train_1137_0,0
Pat2Train_1138_0,0
Pat2Train_1139_0,0
Pat2Train_1140_0,0
Pat2Train_1141_0,0
Pat2Train_1142_0,0
Pat2Train_1143_0,0
Pat2Train_1144_0,0
Pat2Train_1145_0,0
Pat2Train_1146_0,0
Pat2Train_1147_0,0
Pat2Train_1148_0,0
Pat2Train_1149_0,0
Pat2Train_1150_0,0
Pat2Train_1151_0,0
Pat2Train_1152_0,0
Pat2Train_1153_0,0
Pat2Train_1154_0,0
Pat2Train_1155_0,0
Pat2Train_1156_0,0
Pat2Train_1157_0,0
Pat2Train_1158_0,0
Pat2Train_1159_0,0
Pat2Train_1160_0,0
Pat2Train_1161_0,0
Pat2Train_1162_0,0
Pat2Train_1163_0,0
Pat2Train_1164_0,0
Pat2Train_1165_0,0
Pat2Train_1166_0,0
Pat2Train_1167_0,0
Pat2Train_1168_0,0
Pat2Train_1169_0,0
Pat2Train_1170_0,0
Pat2Train_1171_0,0
Pat2Train_1172_0,0
Pat2Train_1173_0,0
Pat2Train_1174_0,0
Pat2Train_1175_0,0
Pat2Train_1176_0,0
Pat2Train_1177_0,0
Pat2Train_1178_0,0
Pat2Train_1179_0,0
Pat2Train_1180_0,0
Pat2Train_1181_0,0
Pat2Train_1182_0,0
Pat2Train_1183_0,0
Pat2Train_1184_0,0
Pat2Train_1185_0,0
Pat2Train_1186_0,0
Pat2Train_1187_0,0
Pat2Train_1188_0,0
Pat2Train_1189_0,0
Pat2Train_1190_0,0
Pat2Train_1191_0,0
Pat2Train_1192_0,0
Pat2Train_1193_0,0
Pat2Train_1194_0,0
Pat2Train_1195_0,0
Pat2Train_1196_0,0
Pat2Train_1197_0,0
Pat2Train_1198_0,0
Pat2Train_1199_0,0
Pat2Train_1200_0,0
Pat2Train_1201_0,0
Pat2Train_1202_0,0
Pat2Train_1203_0,0
Pat2Train_1204_0,0
Pat2Train_1205_0,0
Pat2Train_1206_0,0
Pat2Train_1207_0,0
Pat2Train_1208_0,0
Pat2Train_1209_0,0
Pat2Train_1210_0,0
Pat2Train_1211_0,0
Pat2Train_1212_0,0
Pat2Train_1213_0,0
Pat2Train_1214_0,0
Pat2Train_1215_0,0
Pat2Train_1216_0,0
Pat2Train_1217_0,0
Pat2Train_1218_0,0
Pat2Train_1219_0,0
Pat2Train_1220_0,0
Pat2Train_1221_0,0
Pat2Train_1222_0,0
Pat2Train_1223_0,0
Pat2Train_1224_0,0
Pat2Train_1225_0,0
Pat2Train_1226_0,0
Pat2Train_1227_0,0
Pat2Train_1228_0,0
Pat2Train_1229_0,0
Pat2Train_1230_0,0
Pat2Train_1231_0,0
Pat2Train_1232_0,0
Pat2Train_1233_0,0
Pat2Train_1234_0,0
Pat2Train_1235_0,0
Pat2Train_1236_0,0
Pat2Train_1237_0,0
Pat2Train_1238_0,0
Pat2Train_1239_0,0
Pat2Train_1240_0,0
Pat2Train_1241_0,0
Pat2Train_1242_0,0
Pat2Train_1243_0,0
Pat2Train_1244_0,0
Pat2Train_1245_0,0
Pat2Train_1246_0,0
Pat2Train_1247_0,0
Pat2Train_1248_0,0
Pat2Train_1249_0,0
Pat2Train_1250_0,0
Pat2Train_1251_0,0
Pat2Train_1252_0,0
Pat2Train_1253_0,0
Pat2Train_1254_0,0
Pat2Train_1255_0,0
Pat2Train_1256_0,0
Pat2Train_1257_0,0
Pat2Train_1258_0,0
Pat2Train_1259_0,0
Pat2Train_1260_0,0
Pat2Train_1261_0,0
Pat2Train_1262_0,0
Pat2Train_1263_0,0
Pat2Train_1264_0,0
Pat2Train_1265_0,0
Pat2Train_1266_0,0
Pat2Train_1267_0,0
Pat2Train_1268_0,0
Pat2Train_1269_0,0
Pat2Train_1270_0,0
Pat2Train_1271_0,0
Pat2Train_1272_0,0
Pat2Train_1273_0,0
Pat2Train_1274_0,0
Pat2Train_1275_0,0
Pat2Train_1276_0,0
Pat2Train_1277_0,0
Pat2Train_1278_0,0
Pat2Train_1279_0,0
Pat2Train_1280_0,0
Pat2Train_1281_0,0
Pat2Train_1282_0,0
Pat2Train_1283_0,0
Pat2Train_1284_0,0
Pat2Train_1285_0,0
Pat2Train_1286_0,0
Pat2Train_1287_0,0
Pat2Train_1288_0,0
Pat2Train_1289_0,0
Pat2Train_1290_0,0
Pat2Train_1291_0,0
Pat2Train_1292_0,0
Pat2Train_1293_0,0
Pat2Train_1294_0,0
Pat2Train_1295_0,0
Pat2Train_1296_0,0
Pat2Train_1297_0,0
Pat2Train_1298_0,0
Pat2Train_1299_0,0
Pat2Train_1300_0,0
Pat2Train_1301_0,0
Pat2Train_1302_0,0
Pat2Train_1303_0,0
Pat2Train_1304_0,0
Pat2Train_1305_0,0
Pat2Train_1306_0,0
Pat2Train_1307_0,0
Pat2Train_1308_0,0
Pat2Train_1309_0,0
Pat2Train_1310_0,0
Pat2Train_1311_0,0
Pat2Train_1312_0,0
Pat2Train_1313_0,0
Pat2Train_1314_0,0
Pat2Train_1315_0,0
Pat2Train_1316_0,0
Pat2Train_1317_0,0
Pat2Train_1318_0,0
Pat2Train_1319_0,0
Pat2Train_1320_0,0
Pat2Train_1321_0,0
Pat2Train_1322_0,0
Pat2Train_1323_0,0
Pat2Train_1324_0,0
Pat2Train_1325_0,0
Pat2Train_1326_0,0
Pat2Train_1327_0,0
Pat2Train_1328_0,0
Pat2Train_1329_0,0
Pat2Train_1330_0,0
Pat2Train_1331_0,0
Pat2Train_1332_0,0
Pat2Train_1333_0,0
Pat2Train_1334_0,0
Pat2Train_1335_0,0
Pat2Train_1336_0,0
Pat2Train_1337_0,0
Pat2Train_1338_0,0
Pat2Train_1339_0,0
Pat2Train_1340_0,0
Pat2Train_1341_0,0
Pat2Train_1342_0,0
Pat2Train_1343_0,0
Pat2Train_1344_0,0
Pat2Train_1345_0,0
Pat2Train_1346_0,0
Pat2Train_1347_0,0
Pat2Train_1348_0,0
Pat2Train_1349_0,0
Pat2Train_1350_0,0
Pat2Train_1351_0,0
Pat2Train_1352_0,0
Pat2Train_1353_0,0
Pat2Train_1354_0,0
Pat2Train_1355_0,0
Pat2Train_1356_0,0
Pat2Train_1357_0,0
Pat2Train_1358_0,0
Pat2Train_1359_0,0
Pat2Train_1360_0,0
Pat2Train_1361_0,0
Pat2Train_1362_0,0
Pat2Train_1363_0,0
Pat2Train_1364_0,0
Pat2Train_1365_0,0
Pat2Train_1366_0,0
Pat2Train_1367_0,0
Pat2Train_1368_0,0
Pat2Train_1369_0,0
Pat2Train_1370_0,0
Pat2Train_1371_0,0
Pat2Train_1372_0,0
Pat2Train_1373_0,0
Pat2Train_1374_0,0
Pat2Train_1375_0,0
Pat2Train_1376_0,0
Pat2Train_1377_0,0
Pat2Train_1378_0,0
Pat2Train_1379_0,0
Pat2Train_1380_0,0
Pat2Train_1381_0,0
Pat2Train_1382_0,0
Pat2Train_1383_0,0
Pat2Train_1384_0,0
Pat2Train_1385_0,0
Pat2Train_1386_0,0
Pat2Train_1387_0,0
Pat2Train_1388_0,0
Pat2Train_1389_0,0
Pat2Train_1390_0,0
Pat2Train_1391_0,0
Pat2Train_1392_0,0
Pat2Train_1393_0,0
Pat2Train_1394_0,0
Pat2Train_1395_0,0
Pat2Train_1396_0,0
Pat2Train_1397_0,0
Pat2Train_1398_0,0
Pat2Train_1399_0,0
Pat2Train_1400_0,0
Pat2Train_1401_0,0
Pat2Train_1402_0,0
Pat2Train_1403_0,0
Pat2Train_1404_0,0
Pat2Train_1405_0,0
Pat2Train_1406_0,0
Pat2Train_1407_0,0
Pat2Train_1408_0,0
Pat2Train_1409_0,0
Pat2Train_1410_0,0
Pat2Train_1411_0,0
Pat2Train_1412_0,0
Pat2Train_1413_0,0
Pat2Train_1414_0,0
Pat2Train_1415_0,0
Pat2Train_1416_0,0
Pat2Train_1417_0,0
Pat2Train_1418_0,0
Pat2Train_1419_0,0
Pat2Train_1420_0,0
Pat2Train_1421_0,0
Pat2Train_1422_0,0
Pat2Train_1447_0,0
Pat2Train_1448_0,0
Pat2Train_1449_0,0
Pat2Train_1450_0,0
Pat2Train_1451_0,0
Pat2Train_1452_0,0
Pat2Train_1453_0,0
Pat2Train_1454_0,0
Pat2Train_1455_0,0
Pat2Train_1456_0,0
Pat2Train_1457_0,0
Pat2Train_1458_0,0
Pat2Train_1477_0,0
Pat2Train_1478_0,0
Pat2Train_1479_0,0
Pat2Train_1480_0,0
Pat2Train_1481_0,0
Pat2Train_1482_0,0
Pat2Train_1483_0,0
Pat2Train_1484_0,0
Pat2Train_1485_0,0
Pat2Train_1486_0,0
Pat2Train_1487_0,0
Pat2Train_1488_0,0
Pat2Train_1489_0,0
Pat2Train_1490_0,0
Pat2Train_1491_0,0
Pat2Train_1492_0,0
Pat2Train_1493_0,0
Pat2Train_1494_0,0
Pat2Train_1495_0,0
Pat2Train_1496_0,0
Pat2Train_1497_0,0
Pat2Train_1498_0,0
Pat2Train_1499_0,0
Pat2Train_1500_0,0
Pat2Train_1501_0,0
Pat2Train_1502_0,0
Pat2Train_1503_0,0
Pat2Train_1504_0,0
Pat2Train_1505_0,0
Pat2Train_1506_0,0
Pat2Train_1507_0,0
Pat2Train_1508_0,0
Pat2Train_1509_0,0
Pat2Train_1510_0,0
Pat2Train_1511_0,0
Pat2Train_1512_0,0
Pat2Train_1513_0,0
Pat2Train_1514_0,0
Pat2Train_1515_0,0
Pat2Train_1516_0,0
Pat2Train_1517_0,0
Pat2Train_1518_0,0
Pat2Train_1519_0,0
Pat2Train_1520_0,0
Pat2Train_1521_0,0
Pat2Train_1522_0,0
Pat2Train_1523_0,0
Pat2Train_1524_0,0
Pat2Train_1525_0,0
Pat2Train_1526_0,0
Pat2Train_1527_0,0
Pat2Train_1528_0,0
Pat2Train_1529_0,0
Pat2Train_1530_0,0
Pat2Train_1531_0,0
Pat2Train_1532_0,0
Pat2Train_1533_0,0
Pat2Train_1534_0,0
Pat2Train_1535_0,0
Pat2Train_1536_0,0
Pat2Train_1537_0,0
Pat2Train_1538_0,0
Pat2Train_1539_0,0
Pat2Train_1540_0,0
Pat2Train_1541_0,0
Pat2Train_1542_0,0
Pat2Train_1543_0,0
Pat2Train_1544_0,0
Pat2Train_1545_0,0
Pat2Train_1546_0,0
Pat2Train_1547_0,0
Pat2Train_1548_0,0
Pat2Train_1549_0,0
Pat2Train_1550_0,0
Pat2Train_1551_0,0
Pat2Train_1552_0,0
Pat2Train_1553_0,0
Pat2Train_1554_0,0
Pat2Train_1555_0,0
Pat2Train_1556_0,0
Pat2Train_1557_0,0
Pat2Train_1558_0,0
Pat2Train_1559_0,0
Pat2Train_1560_0,0
Pat2Train_1561_0,0
Pat2Train_1562_0,0
Pat2Train_1563_0,0
Pat2Train_1564_0,0
Pat2Train_1565_0,0
Pat2Train_1566_0,0
Pat2Train_1567_0,0
Pat2Train_1568_0,0
Pat2Train_1569_0,0
Pat2Train_1570_0,0
Pat2Train_1571_0,0
Pat2Train_1572_0,0
Pat2Train_1573_0,0
Pat2Train_1574_0,0
Pat2Train_1575_0,0
Pat2Train_1576_0,0
Pat2Train_1577_0,0
Pat2Train_1578_0,0
Pat2Train_1579_0,0
Pat2Train_1580_0,0
Pat2Train_1581_0,0
Pat2Train_1582_0,0
Pat2Train_1583_0,0
Pat2Train_1584_0,0
Pat2Train_1585_0,0
Pat2Train_1586_0,0
Pat2Train_1587_0,0
Pat2Train_1588_0,0
Pat2Train_1589_0,0
Pat2Train_1590_0,0
Pat2Train_1591_0,0
Pat2Train_1592_0,0
Pat2Train_1593_0,0
Pat2Train_1594_0,0
Pat2Train_1595_0,0
Pat2Train_1596_0,0
Pat2Train_1597_0,0
Pat2Train_1598_0,0
Pat2Train_1599_0,0
Pat2Train_1600_0,0
Pat2Train_1601_0,0
Pat2Train_1602_0,0
Pat2Train_1615_0,0
Pat2Train_1616_0,0
Pat2Train_1617_0,0
Pat2Train_1618_0,0
Pat2Train_1619_0,0
Pat2Train_1620_0,0
Pat2Train_1621_0,0
Pat2Train_1622_0,0
Pat2Train_1623_0,0
Pat2Train_1624_0,0
Pat2Train_1625_0,0
Pat2Train_1626_0,0
Pat2Train_1627_0,0
Pat2Train_1628_0,0
Pat2Train_1629_0,0
Pat2Train_1630_0,0
Pat2Train_1631_0,0
Pat2Train_1632_0,0
Pat2Train_1633_0,0
Pat2Train_1634_0,0
Pat2Train_1635_0,0
Pat2Train_1636_0,0
Pat2Train_1637_0,0
Pat2Train_1638_0,0
Pat2Train_1639_0,0
Pat2Train_1640_0,0
Pat2Train_1641_0,0
Pat2Train_1642_0,0
Pat2Train_1643_0,0
Pat2Train_1644_0,0
Pat2Train_1645_0,0
Pat2Train_1646_0,0
Pat2Train_1647_0,0
Pat2Train_1648_0,0
Pat2Train_1649_0,0
Pat2Train_1650_0,0
Pat2Train_1651_0,0
Pat2Train_1652_0,0
Pat2Train_1653_0,0
Pat2Train_1654_0,0
Pat2Train_1655_0,0
Pat2Train_1656_0,0
Pat2Train_1657_0,0
Pat2Train_1658_0,0
Pat2Train_1659_0,0
Pat2Train_1660_0,0
Pat2Train_1661_0,0
Pat2Train_1662_0,0
Pat2Train_1663_0,0
Pat2Train_1664_0,0
Pat2Train_1665_0,0
Pat2Train_1666_0,0
Pat2Train_1667_0,0
Pat2Train_1668_0,0
Pat2Train_1669_0,0
Pat2Train_1670_0,0
Pat2Train_1671_0,0
Pat2Train_1672_0,0
Pat2Train_1673_0,0
Pat2Train_1674_0,0
Pat2Train_1675_0,0
Pat2Train_1676_0,0
Pat2Train_1677_0,0
Pat2Train_1678_0,0
Pat2Train_1679_0,0
Pat2Train_1680_0,0
Pat2Train_1699_0,0
Pat2Train_1700_0,0
Pat2Train_1701_0,0
Pat2Train_1702_0,0
Pat2Train_1703_0,0
Pat2Train_1704_0,0
Pat2Train_1705_0,0
Pat2Train_1706_0,0
Pat2Train_1707_0,0
Pat2Train_1708_0,0
Pat2Train_1709_0,0
Pat2Train_1710_0,0
Pat2Train_1711_0,0
Pat2Train_1712_0,0
Pat2Train_1713_0,0
Pat2Train_1714_0,0
Pat2Train_1715_0,0
Pat2Train_1716_0,0
Pat2Train_1717_0,0
Pat2Train_1718_0,0
Pat2Train_1719_0,0
Pat2Train_1720_0,0
Pat2Train_1721_0,0
Pat2Train_1722_0,0
Pat2Train_1723_0,0
Pat2Train_1724_0,0
Pat2Train_1725_0,0
Pat2Train_1726_0,0
Pat2Train_1727_0,0
Pat2Train_1728_0,0
Pat2Train_1729_0,0
Pat2Train_1730_0,0
Pat2Train_1731_0,0
Pat2Train_1732_0,0
Pat2Train_1733_0,0
Pat2Train_1734_0,0
Pat2Train_1735_0,0
Pat2Train_1736_0,0
Pat2Train_1737_0,0
Pat2Train_1738_0,0
Pat2Train_1739_0,0
Pat2Train_1740_0,0
Pat2Train_1741_0,0
Pat2Train_1742_0,0
Pat2Train_1743_0,0
Pat2Train_1744_0,0
Pat2Train_1745_0,0
Pat2Train_1746_0,0
Pat2Train_1747_0,0
Pat2Train_1748_0,0
Pat2Train_1749_0,0
Pat2Train_1750_0,0
Pat2Train_1751_0,0
Pat2Train_1752_0,0
Pat2Train_1753_0,0
Pat2Train_1754_0,0
Pat2Train_1755_0,0
Pat2Train_1756_0,0
Pat2Train_1757_0,0
Pat2Train_1758_0,0
Pat2Train_1795_0,0
Pat2Train_1796_0,0
Pat2Train_1797_0,0
Pat2Train_1798_0,0
Pat2Train_1799_0,0
Pat2Train_1800_0,0
Pat2Train_1801_0,0
Pat2Train_1802_0,0
Pat2Train_1803_0,0
Pat2Train_1804_0,0
Pat2Train_1805_0,0
Pat2Train_1806_0,0
Pat2Train_1807_0,0
Pat2Train_1808_0,0
Pat2Train_1809_0,0
Pat2Train_1810_0,0
Pat2Train_1811_0,0
Pat2Train_1812_0,0
Pat2Train_1813_0,0
Pat2Train_1814_0,0
Pat2Train_1815_0,0
Pat2Train_1816_0,0
Pat2Train_1817_0,0
Pat2Train_1818_0,0
Pat2Train_1819_0,0
Pat2Train_1820_0,0
Pat2Train_1821_0,0
Pat2Train_1822_0,0
Pat2Train_1823_0,0
Pat2Train_1824_0,0
Pat2Train_1825_0,0
Pat2Train_1826_0,0
Pat2Train_1827_0,0
Pat2Train_1828_0,0
Pat2Train_1829_0,0
Pat2Train_1830_0,0
Pat2Train_1831_0,0
Pat2Train_1832_0,0
Pat2Train_1833_0,0
Pat2Train_1834_0,0
Pat2Train_1835_0,0
Pat2Train_1836_0,0
Pat2Train_1837_0,0
Pat2Train_1838_0,0
Pat2Train_1839_0,0
Pat2Train_1840_0,0
Pat2Train_1841_0,0
Pat2Train_1842_0,0
Pat2Train_1843_0,0
Pat2Train_1844_0,0
Pat2Train_1845_0,0
Pat2Train_1846_0,0
Pat2Train_1847_0,0
Pat2Train_1848_0,0
Pat2Train_1849_0,0
Pat2Train_1850_0,0
Pat2Train_1851_0,0
Pat2Train_1852_0,0
Pat2Train_1853_0,0
Pat2Train_1854_0,0
Pat2Train_1855_0,0
Pat2Train_1856_0,0
Pat2Train_1857_0,0
Pat2Train_1858_0,0
Pat2Train_1859_0,0
Pat2Train_1860_0,0
Pat2Train_1861_0,0
Pat2Train_1862_0,0
Pat2Train_1863_0,0
Pat2Train_1864_0,0
Pat2Train_1865_0,0
Pat2Train_1866_0,0
Pat2Train_1867_0,0
Pat2Train_1868_0,0
Pat2Train_1869_0,0
Pat2Train_1870_0,0
Pat2Train_1871_0,0
Pat2Train_1872_0,0
Pat2Train_1873_0,0
Pat2Train_1874_0,0
Pat2Train_1875_0,0
Pat2Train_1876_0,0
Pat2Train_1877_0,0
Pat2Train_1878_0,0
Pat2Train_1879_0,0
Pat2Train_1880_0,0
Pat2Train_1881_0,0
Pat2Train_1882_0,0
Pat2Train_1883_0,0
Pat2Train_1884_0,0
Pat2Train_1885_0,0
Pat2Train_1886_0,0
Pat2Train_1887_0,0
Pat2Train_1888_0,0
Pat2Train_1889_0,0
Pat2Train_1890_0,0
Pat2Train_1891_0,0
Pat2Train_1892_0,0
Pat2Train_1893_0,0
Pat2Train_1894_0,0
Pat2Train_1895_0,0
Pat2Train_1896_0,0
Pat2Train_1897_0,0
Pat2Train_1898_0,0
Pat2Train_1899_0,0
Pat2Train_1900_0,0
Pat2Train_1901_0,0
Pat2Train_1902_0,0
Pat2Train_1903_0,0
Pat2Train_1904_0,0
Pat2Train_1905_0,0
Pat2Train_1906_0,0
Pat2Train_1907_0,0
Pat2Train_1908_0,0
Pat2Train_1909_0,0
Pat2Train_1910_0,0
Pat2Train_1911_0,0
Pat2Train_1912_0,0
Pat2Train_1913_0,0
Pat2Train_1914_0,0
Pat2Train_1915_0,0
Pat2Train_1916_0,0
Pat2Train_1917_0,0
Pat2Train_1918_0,0
Pat2Train_1919_0,0
Pat2Train_1920_0,0
Pat2Train_1921_0,0
Pat2Train_1922_0,0
Pat2Train_1923_0,0
Pat2Train_1924_0,0
Pat2Train_1925_0,0
Pat2Train_1926_0,0
Pat2Train_1927_0,0
Pat2Train_1928_0,0
Pat2Train_1929_0,0
Pat2Train_1930_0,0
Pat2Train_1931_0,0
Pat2Train_1932_0,0
Pat2Train_1945_0,0
Pat2Train_1946_0,0
Pat2Train_1947_0,0
Pat2Train_1948_0,0
Pat2Train_1949_0,0
Pat2Train_1950_0,0
Pat2Train_1951_0,0
Pat2Train_1952_0,0
Pat2Train_1953_0,0
Pat2Train_1954_0,0
Pat2Train_1955_0,0
Pat2Train_1956_0,0
Pat2Train_1957_0,0
Pat2Train_1958_0,0
Pat2Train_1959_0,0
Pat2Train_1960_0,0
Pat2Train_1961_0,0
Pat2Train_1962_0,0
Pat2Train_1963_0,0
Pat2Train_1964_0,0
Pat2Train_1965_0,0
Pat2Train_1966_0,0
Pat2Train_1967_0,0
Pat2Train_1968_0,0
Pat2Train_1987_0,0
Pat2Train_1988_0,0
Pat2Train_1989_0,0
Pat2Train_1990_0,0
Pat2Train_1991_0,0
Pat2Train_1992_0,0
Pat2Train_1993_0,0
Pat2Train_1994_0,0
Pat2Train_1995_0,0
Pat2Train_1996_0,0
Pat2Train_1997_0,0
Pat2Train_1998_0,0
Pat2Train_1999_0,0
Pat2Train_2000_0,0
Pat2Train_2001_0,0
Pat2Train_2002_0,0
Pat2Train_2003_0,0
Pat2Train_2004_0,0
Pat2Train_2005_0,0
Pat2Train_2006_0,0
Pat2Train_2007_0,0
Pat2Train_2008_0,0
Pat2Train_2009_0,0
Pat2Train_2010_0,0
Pat2Train_2011_0,0
Pat2Train_2012_0,0
Pat2Train_2013_0,0
Pat2Train_2014_0,0
Pat2Train_2015_0,0
Pat2Train_2016_0,0
Pat2Train_2017_0,0
Pat2Train_2018_0,0
Pat2Train_2019_0,0
Pat2Train_2020_0,0
Pat2Train_2021_0,0
Pat2Train_2022_0,0
Pat2Train_2023_0,0
Pat2Train_2024_0,0
Pat2Train_2025_0,0
Pat2Train_2026_0,0
Pat2Train_2027_0,0
Pat2Train_2028_0,0
Pat2Train_2029_0,0
Pat2Train_2030_0,0
Pat2Train_2031_0,0
Pat2Train_2032_0,0
Pat2Train_2033_0,0
Pat2Train_2034_0,0
Pat2Train_2035_0,0
Pat2Train_2036_0,0
Pat2Train_2037_0,0
Pat2Train_2038_0,0
Pat2Train_2039_0,0
Pat2Train_2040_0,0
Pat2Train_2041_0,0
Pat2Train_2042_0,0
Pat2Train_2043_0,0
Pat2Train_2044_0,0
Pat2Train_2045_0,0
Pat2Train_2046_0,0
Pat2Train_2047_0,0
Pat2Train_2048_0,0
Pat2Train_2049_0,0
Pat2Train_2050_0,0
Pat2Train_2051_0,0
Pat2Train_2052_0,0
Pat2Train_2053_0,0
Pat2Train_2054_0,0
Pat2Train_2055_0,0
Pat2Train_2056_0,0
Pat2Train_2057_0,0
Pat2Train_2058_0,0
Pat2Train_2059_0,0
Pat2Train_2060_0,0
Pat2Train_2061_0,0
Pat2Train_2062_0,0
Pat2Train_2063_0,0
Pat2Train_2064_0,0
Pat2Train_2065_0,0
Pat2Train_2066_0,0
Pat2Train_2067_0,0
Pat2Train_2068_0,0
Pat2Train_2069_0,0
Pat2Train_2070_0,0
Pat2Train_2071_0,0
Pat2Train_2072_0,0
Pat2Train_2073_0,0
Pat2Train_2074_0,0
Pat2Train_2075_0,0
Pat2Train_2076_0,0
Pat2Train_2077_0,0
Pat2Train_2078_0,0
Pat2Train_2079_0,0
Pat2Train_2080_0,0
Pat2Train_2081_0,0
Pat2Train_2082_0,0
Pat2Train_2083_0,0
Pat2Train_2084_0,0
Pat2Train_2085_0,0
Pat2Train_2086_0,0
Pat2Train_2087_0,0
Pat2Train_2088_0,0
Pat2Train_2137_0,0
Pat2Train_2138_0,0
Pat2Train_2139_0,0
Pat2Train_2140_0,0
Pat2Train_2141_0,0
Pat2Train_2142_0,0
Pat2Train_2143_0,0
Pat2Train_2144_0,0
Pat2Train_2145_0,0
Pat2Train_2146_0,0
Pat2Train_2147_0,0
Pat2Train_2148_0,0
Pat2Train_2173_0,0
Pat2Train_2174_0,0
Pat2Train_2175_0,0
Pat2Train_2176_0,0
Pat2Train_2177_0,0
Pat2Train_2178_0,0
Pat2Train_2179_0,0
Pat2Train_2180_0,0
Pat2Train_2181_0,0
Pat2Train_2182_0,0
Pat2Train_2183_0,0
Pat2Train_2184_0,0
Pat2Train_2185_0,0
Pat2Train_2186_0,0
Pat2Train_2187_0,0
Pat2Train_2188_0,0
Pat2Train_2189_0,0
Pat2Train_2190_0,0
Pat2Train_2191_0,0
Pat2Train_2192_0,0
Pat2Train_2193_0,0
Pat2Train_2194_0,0
Pat2Train_2195_0,0
Pat2Train_2196_0,0
Pat2Train_1_1,1
Pat2Train_2_1,1
Pat2Train_3_1,1
Pat2Train_4_1,1
Pat2Train_5_1,1
Pat2Train_6_1,1
Pat2Train_7_1,1
Pat2Train_8_1,1
Pat2Train_9_1,1
Pat2Train_10_1,1
Pat2Train_11_1,1
Pat2Train_12_1,1
Pat2Train_13_1,1
Pat2Train_14_1,1
Pat2Train_15_1,1
Pat2Train_16_1,1
Pat2Train_17_1,1
Pat2Train_18_1,1
Pat2Train_19_1,1
Pat2Train_20_1,1
Pat2Train_21_1,1
Pat2Train_22_1,1
Pat2Train_23_1,1
Pat2Train_24_1,1
Pat2Train_25_1,1
Pat2Train_26_1,1
Pat2Train_27_1,1
Pat2Train_28_1,1
Pat2Train_29_1,1
Pat2Train_30_1,1
Pat2Train_31_1,1
Pat2Train_32_1,1
Pat2Train_33_1,1
Pat2Train_34_1,1
Pat2Train_35_1,1
Pat2Train_36_1,1
Pat2Train_37_1,1
Pat2Train_38_1,1
Pat2Train_39_1,1
Pat2Train_40_1,1
Pat2Train_41_1,1
Pat2Train_42_1,1
Pat2Train_43_1,1
Pat2Train_44_1,1
Pat2Train_45_1,1
Pat2Train_46_1,1
Pat2Train_47_1,1
Pat2Train_48_1,1
Pat2Train_49_1,1
Pat2Train_50_1,1
Pat2Train_51_1,1
Pat2Train_52_1,1
Pat2Train_53_1,1
Pat2Train_54_1,1
Pat2Train_55_1,1
Pat2Train_56_1,1
Pat2Train_57_1,1
Pat2Train_58_1,1
Pat2Train_59_1,1
Pat2Train_60_1,1
Pat2Train_61_1,1
Pat2Train_62_1,1
Pat2Train_63_1,1
Pat2Train_64_1,1
Pat2Train_65_1,1
Pat2Train_66_1,1
Pat2Train_67_1,1
Pat2Train_68_1,1
Pat2Train_69_1,1
Pat2Train_70_1,1
Pat2Train_71_1,1
Pat2Train_72_1,1
Pat2Train_73_1,1
Pat2Train_74_1,1
Pat2Train_75_1,1
Pat2Train_76_1,1
Pat2Train_77_1,1
Pat2Train_78_1,1
Pat2Train_79_1,1
Pat2Train_80_1,1
Pat2Train_81_1,1
Pat2Train_82_1,1
Pat2Train_83_1,1
Pat2Train_84_1,1
Pat2Train_85_1,1
Pat2Train_86_1,1
Pat2Train_87_1,1
Pat2Train_88_1,1
Pat2Train_89_1,1
Pat2Train_90_1,1
Pat2Train_91_1,1
Pat2Train_92_1,1
Pat2Train_93_1,1
Pat2Train_94_1,1
Pat2Train_95_1,1
Pat2Train_96_1,1
Pat2Train_97_1,1
Pat2Train_98_1,1
Pat2Train_99_1,1
Pat2Train_100_1,1
Pat2Train_101_1,1
Pat2Train_102_1,1
Pat2Train_103_1,1
Pat2Train_104_1,1
Pat2Train_105_1,1
Pat2Train_106_1,1
Pat2Train_107_1,1
Pat2Train_108_1,1
Pat2Train_109_1,1
Pat2Train_110_1,1
Pat2Train_111_1,1
Pat2Train_112_1,1
Pat2Train_113_1,1
Pat2Train_114_1,1
Pat2Train_115_1,1
Pat2Train_116_1,1
Pat2Train_117_1,1
Pat2Train_118_1,1
Pat2Train_119_1,1
Pat2Train_120_1,1
Pat2Train_121_1,1
Pat2Train_122_1,1
Pat2Train_123_1,1
Pat2Train_124_1,1
Pat2Train_125_1,1
Pat2Train_126_1,1
Pat2Train_127_1,1
Pat2Train_128_1,1
Pat2Train_129_1,1
Pat2Train_130_1,1
Pat2Train_131_1,1
Pat2Train_132_1,1
Pat2Train_133_1,1
Pat2Train_134_1,1
Pat2Train_135_1,1
Pat2Train_136_1,1
Pat2Train_137_1,1
Pat2Train_138_1,1
Pat2Train_139_1,1
Pat2Train_140_1,1
Pat2Train_141_1,1
Pat2Train_142_1,1
Pat2Train_143_1,1
Pat2Train_144_1,1
Pat2Train_145_1,1
Pat2Train_146_1,1
Pat2Train_147_1,1
Pat2Train_148_1,1
Pat2Train_149_1,1
Pat2Train_150_1,1
Pat2Train_181_1,1
Pat2Train_185_1,1
Pat2Train_195_1,1
Pat2Train_203_1,1
Pat2Train_218_1,1
Pat2Train_221_1,1
Pat2Train_248_1,1
Pat2Train_253_1,1
Pat2Train_352_1,1
Pat2Train_440_1,1
Pat2Train_443_1,1
Pat2Train_453_1,1
Pat2Train_460_1,1
Pat2Train_463_1,1
Pat2Train_559_1,1
Pat2Train_580_1,1
Pat2Train_592_1,1
Pat2Train_600_1,1
Pat2Train_625_1,1
Pat2Train_635_1,1
Pat2Train_661_1,1
Pat2Train_705_1,1
Pat2Train_725_1,1
Pat2Train_727_1,1
Pat2Train_745_1,1
Pat2Train_749_1,1
Pat2Train_794_1,1
Pat2Train_797_1,1
Pat2Train_832_1,1
Pat2Train_858_1,1
Pat2Train_864_1,1
Pat2Train_902_1,1
Pat2Train_910_1,1
Pat2Train_917_1,1
Pat2Train_919_1,1
Pat2Train_1043_1,1
Pat2Train_1049_1,1
Pat2Train_1051_1,1
Pat2Train_1065_1,1
Pat2Train_1105_1,1
Pat2Train_1146_1,1
Pat2Train_1154_1,1
Pat2Train_1165_1,1
Pat2Train_1409_1,1
Pat2Train_1437_1,1
Pat2Train_1442_1,1
Pat2Train_1451_1,1
Pat2Train_1471_1,1
Pat2Train_1535_1,1
Pat2Train_1585_1,1
Pat2Train_1600_1,1
Pat2Train_1604_1,1
Pat2Train_1674_1,1
Pat2Train_1688_1,1
Pat2Train_1690_1,1
Pat2Train_1800_1,1
Pat2Train_1880_1,1
Pat2Train_2035_1,1
Pat2Train_2052_1,1
Pat2Train_2075_1,1
Pat2Train_2093_1,1
Pat2Train_2118_1,1
Pat2Train_2136_1,1
Pat2Train_2168_1,1
Pat2Train_2175_1,1
Pat2Train_2230_1,1
Pat2Train_2233_1,1
Pat2Train_2267_1,1
Pat2Train_2287_1,1
Pat2Train_2326_1,1
Pat2Train_2337_1,1
Pat2Train_2369_1,1
Pat3Train_1_0,0
Pat3Train_2_0,0
Pat3Train_3_0,0
Pat3Train_4_0,0
Pat3Train_5_0,0
Pat3Train_6_0,0
Pat3Train_7_0,0
Pat3Train_8_0,0
Pat3Train_9_0,0
Pat3Train_10_0,0
Pat3Train_11_0,0
Pat3Train_12_0,0
Pat3Train_13_0,0
Pat3Train_14_0,0
Pat3Train_15_0,0
Pat3Train_16_0,0
Pat3Train_17_0,0
Pat3Train_18_0,0
Pat3Train_19_0,0
Pat3Train_20_0,0
Pat3Train_21_0,0
Pat3Train_22_0,0
Pat3Train_23_0,0
Pat3Train_24_0,0
Pat3Train_25_0,0
Pat3Train_26_0,0
Pat3Train_27_0,0
Pat3Train_28_0,0
Pat3Train_29_0,0
Pat3Train_30_0,0
Pat3Train_31_0,0
Pat3Train_32_0,0
Pat3Train_33_0,0
Pat3Train_34_0,0
Pat3Train_35_0,0
Pat3Train_36_0,0
Pat3Train_37_0,0
Pat3Train_38_0,0
Pat3Train_39_0,0
Pat3Train_40_0,0
Pat3Train_41_0,0
Pat3Train_42_0,0
Pat3Train_43_0,0
Pat3Train_44_0,0
Pat3Train_45_0,0
Pat3Train_46_0,0
Pat3Train_47_0,0
Pat3Train_48_0,0
Pat3Train_49_0,0
Pat3Train_50_0,0
Pat3Train_51_0,0
Pat3Train_52_0,0
Pat3Train_53_0,0
Pat3Train_54_0,0
Pat3Train_55_0,0
Pat3Train_56_0,0
Pat3Train_57_0,0
Pat3Train_58_0,0
Pat3Train_59_0,0
Pat3Train_60_0,0
Pat3Train_61_0,0
Pat3Train_62_0,0
Pat3Train_63_0,0
Pat3Train_64_0,0
Pat3Train_65_0,0
Pat3Train_66_0,0
Pat3Train_67_0,0
Pat3Train_68_0,0
Pat3Train_69_0,0
Pat3Train_70_0,0
Pat3Train_71_0,0
Pat3Train_72_0,0
Pat3Train_73_0,0
Pat3Train_74_0,0
Pat3Train_75_0,0
Pat3Train_76_0,0
Pat3Train_77_0,0
Pat3Train_78_0,0
Pat3Train_79_0,0
Pat3Train_80_0,0
Pat3Train_81_0,0
Pat3Train_82_0,0
Pat3Train_83_0,0
Pat3Train_84_0,0
Pat3Train_85_0,0
Pat3Train_86_0,0
Pat3Train_87_0,0
Pat3Train_88_0,0
Pat3Train_89_0,0
Pat3Train_90_0,0
Pat3Train_91_0,0
Pat3Train_92_0,0
Pat3Train_93_0,0
Pat3Train_94_0,0
Pat3Train_95_0,0
Pat3Train_96_0,0
Pat3Train_97_0,0
Pat3Train_98_0,0
Pat3Train_99_0,0
Pat3Train_100_0,0
Pat3Train_101_0,0
Pat3Train_102_0,0
Pat3Train_103_0,0
Pat3Train_104_0,0
Pat3Train_105_0,0
Pat3Train_106_0,0
Pat3Train_107_0,0
Pat3Train_108_0,0
Pat3Train_109_0,0
Pat3Train_110_0,0
Pat3Train_111_0,0
Pat3Train_112_0,0
Pat3Train_113_0,0
Pat3Train_114_0,0
Pat3Train_115_0,0
Pat3Train_116_0,0
Pat3Train_117_0,0
Pat3Train_118_0,0
Pat3Train_119_0,0
Pat3Train_120_0,0
Pat3Train_121_0,0
Pat3Train_122_0,0
Pat3Train_123_0,0
Pat3Train_124_0,0
Pat3Train_125_0,0
Pat3Train_126_0,0
Pat3Train_127_0,0
Pat3Train_128_0,0
Pat3Train_129_0,0
Pat3Train_130_0,0
Pat3Train_131_0,0
Pat3Train_132_0,0
Pat3Train_133_0,0
Pat3Train_134_0,0
Pat3Train_135_0,0
Pat3Train_136_0,0
Pat3Train_137_0,0
Pat3Train_138_0,0
Pat3Train_139_0,0
Pat3Train_140_0,0
Pat3Train_141_0,0
Pat3Train_142_0,0
Pat3Train_143_0,0
Pat3Train_144_0,0
Pat3Train_145_0,0
Pat3Train_146_0,0
Pat3Train_147_0,0
Pat3Train_148_0,0
Pat3Train_149_0,0
Pat3Train_150_0,0
Pat3Train_151_0,0
Pat3Train_152_0,0
Pat3Train_153_0,0
Pat3Train_154_0,0
Pat3Train_155_0,0
Pat3Train_156_0,0
Pat3Train_157_0,0
Pat3Train_158_0,0
Pat3Train_159_0,0
Pat3Train_160_0,0
Pat3Train_161_0,0
Pat3Train_162_0,0
Pat3Train_163_0,0
Pat3Train_164_0,0
Pat3Train_165_0,0
Pat3Train_166_0,0
Pat3Train_167_0,0
Pat3Train_168_0,0
Pat3Train_169_0,0
Pat3Train_170_0,0
Pat3Train_171_0,0
Pat3Train_172_0,0
Pat3Train_173_0,0
Pat3Train_174_0,0
Pat3Train_175_0,0
Pat3Train_176_0,0
Pat3Train_177_0,0
Pat3Train_178_0,0
Pat3Train_179_0,0
Pat3Train_180_0,0
Pat3Train_181_0,0
Pat3Train_182_0,0
Pat3Train_183_0,0
Pat3Train_184_0,0
Pat3Train_185_0,0
Pat3Train_186_0,0
Pat3Train_187_0,0
Pat3Train_188_0,0
Pat3Train_189_0,0
Pat3Train_190_0,0
Pat3Train_191_0,0
Pat3Train_192_0,0
Pat3Train_211_0,0
Pat3Train_212_0,0
Pat3Train_213_0,0
Pat3Train_214_0,0
Pat3Train_215_0,0
Pat3Train_216_0,0
Pat3Train_217_0,0
Pat3Train_218_0,0
Pat3Train_219_0,0
Pat3Train_220_0,0
Pat3Train_221_0,0
Pat3Train_222_0,0
Pat3Train_223_0,0
Pat3Train_224_0,0
Pat3Train_225_0,0
Pat3Train_226_0,0
Pat3Train_227_0,0
Pat3Train_228_0,0
Pat3Train_229_0,0
Pat3Train_230_0,0
Pat3Train_231_0,0
Pat3Train_232_0,0
Pat3Train_233_0,0
Pat3Train_234_0,0
Pat3Train_235_0,0
Pat3Train_236_0,0
Pat3Train_237_0,0
Pat3Train_238_0,0
Pat3Train_239_0,0
Pat3Train_240_0,0
Pat3Train_253_0,0
Pat3Train_254_0,0
Pat3Train_255_0,0
Pat3Train_256_0,0
Pat3Train_257_0,0
Pat3Train_258_0,0
Pat3Train_259_0,0
Pat3Train_260_0,0
Pat3Train_261_0,0
Pat3Train_262_0,0
Pat3Train_263_0,0
Pat3Train_264_0,0
Pat3Train_265_0,0
Pat3Train_266_0,0
Pat3Train_267_0,0
Pat3Train_268_0,0
Pat3Train_269_0,0
Pat3Train_270_0,0
Pat3Train_271_0,0
Pat3Train_272_0,0
Pat3Train_273_0,0
Pat3Train_274_0,0
Pat3Train_275_0,0
Pat3Train_276_0,0
Pat3Train_277_0,0
Pat3Train_278_0,0
Pat3Train_279_0,0
Pat3Train_280_0,0
Pat3Train_281_0,0
Pat3Train_282_0,0
Pat3Train_283_0,0
Pat3Train_284_0,0
Pat3Train_285_0,0
Pat3Train_286_0,0
Pat3Train_287_0,0
Pat3Train_288_0,0
Pat3Train_289_0,0
Pat3Train_290_0,0
Pat3Train_291_0,0
Pat3Train_292_0,0
Pat3Train_293_0,0
Pat3Train_294_0,0
Pat3Train_295_0,0
Pat3Train_296_0,0
Pat3Train_297_0,0
Pat3Train_298_0,0
Pat3Train_299_0,0
Pat3Train_300_0,0
Pat3Train_301_0,0
Pat3Train_302_0,0
Pat3Train_303_0,0
Pat3Train_304_0,0
Pat3Train_305_0,0
Pat3Train_306_0,0
Pat3Train_307_0,0
Pat3Train_308_0,0
Pat3Train_309_0,0
Pat3Train_310_0,0
Pat3Train_311_0,0
Pat3Train_312_0,0
Pat3Train_313_0,0
Pat3Train_314_0,0
Pat3Train_315_0,0
Pat3Train_316_0,0
Pat3Train_317_0,0
Pat3Train_318_0,0
Pat3Train_319_0,0
Pat3Train_320_0,0
Pat3Train_321_0,0
Pat3Train_322_0,0
Pat3Train_323_0,0
Pat3Train_324_0,0
Pat3Train_325_0,0
Pat3Train_326_0,0
Pat3Train_327_0,0
Pat3Train_328_0,0
Pat3Train_329_0,0
Pat3Train_330_0,0
Pat3Train_349_0,0
Pat3Train_350_0,0
Pat3Train_351_0,0
Pat3Train_352_0,0
Pat3Train_353_0,0
Pat3Train_354_0,0
Pat3Train_355_0,0
Pat3Train_356_0,0
Pat3Train_357_0,0
Pat3Train_358_0,0
Pat3Train_359_0,0
Pat3Train_360_0,0
Pat3Train_361_0,0
Pat3Train_362_0,0
Pat3Train_363_0,0
Pat3Train_364_0,0
Pat3Train_365_0,0
Pat3Train_366_0,0
Pat3Train_367_0,0
Pat3Train_368_0,0
Pat3Train_369_0,0
Pat3Train_370_0,0
Pat3Train_371_0,0
Pat3Train_372_0,0
Pat3Train_385_0,0
Pat3Train_386_0,0
Pat3Train_387_0,0
Pat3Train_388_0,0
Pat3Train_389_0,0
Pat3Train_390_0,0
Pat3Train_391_0,0
Pat3Train_392_0,0
Pat3Train_393_0,0
Pat3Train_394_0,0
Pat3Train_395_0,0
Pat3Train_396_0,0
Pat3Train_397_0,0
Pat3Train_398_0,0
Pat3Train_399_0,0
Pat3Train_400_0,0
Pat3Train_401_0,0
Pat3Train_402_0,0
Pat3Train_403_0,0
Pat3Train_404_0,0
Pat3Train_405_0,0
Pat3Train_406_0,0
Pat3Train_407_0,0
Pat3Train_408_0,0
Pat3Train_433_0,0
Pat3Train_434_0,0
Pat3Train_435_0,0
Pat3Train_436_0,0
Pat3Train_437_0,0
Pat3Train_438_0,0
Pat3Train_439_0,0
Pat3Train_440_0,0
Pat3Train_441_0,0
Pat3Train_442_0,0
Pat3Train_443_0,0
Pat3Train_444_0,0
Pat3Train_445_0,0
Pat3Train_446_0,0
Pat3Train_447_0,0
Pat3Train_448_0,0
Pat3Train_449_0,0
Pat3Train_450_0,0
Pat3Train_451_0,0
Pat3Train_452_0,0
Pat3Train_453_0,0
Pat3Train_454_0,0
Pat3Train_455_0,0
Pat3Train_456_0,0
Pat3Train_457_0,0
Pat3Train_458_0,0
Pat3Train_459_0,0
Pat3Train_460_0,0
Pat3Train_461_0,0
Pat3Train_462_0,0
Pat3Train_463_0,0
Pat3Train_464_0,0
Pat3Train_465_0,0
Pat3Train_466_0,0
Pat3Train_467_0,0
Pat3Train_468_0,0
Pat3Train_469_0,0
Pat3Train_470_0,0
Pat3Train_471_0,0
Pat3Train_472_0,0
Pat3Train_473_0,0
Pat3Train_474_0,0
Pat3Train_475_0,0
Pat3Train_476_0,0
Pat3Train_477_0,0
Pat3Train_478_0,0
Pat3Train_479_0,0
Pat3Train_480_0,0
Pat3Train_481_0,0
Pat3Train_482_0,0
Pat3Train_483_0,0
Pat3Train_484_0,0
Pat3Train_485_0,0
Pat3Train_486_0,0
Pat3Train_487_0,0
Pat3Train_488_0,0
Pat3Train_489_0,0
Pat3Train_490_0,0
Pat3Train_491_0,0
Pat3Train_492_0,0
Pat3Train_493_0,0
Pat3Train_494_0,0
Pat3Train_495_0,0
Pat3Train_496_0,0
Pat3Train_497_0,0
Pat3Train_498_0,0
Pat3Train_499_0,0
Pat3Train_500_0,0
Pat3Train_501_0,0
Pat3Train_502_0,0
Pat3Train_503_0,0
Pat3Train_504_0,0
Pat3Train_505_0,0
Pat3Train_506_0,0
Pat3Train_507_0,0
Pat3Train_508_0,0
Pat3Train_509_0,0
Pat3Train_510_0,0
Pat3Train_511_0,0
Pat3Train_512_0,0
Pat3Train_513_0,0
Pat3Train_514_0,0
Pat3Train_515_0,0
Pat3Train_516_0,0
Pat3Train_517_0,0
Pat3Train_518_0,0
Pat3Train_519_0,0
Pat3Train_520_0,0
Pat3Train_521_0,0
Pat3Train_522_0,0
Pat3Train_523_0,0
Pat3Train_524_0,0
Pat3Train_525_0,0
Pat3Train_526_0,0
Pat3Train_527_0,0
Pat3Train_528_0,0
Pat3Train_529_0,0
Pat3Train_530_0,0
Pat3Train_531_0,0
Pat3Train_532_0,0
Pat3Train_533_0,0
Pat3Train_534_0,0
Pat3Train_535_0,0
Pat3Train_536_0,0
Pat3Train_537_0,0
Pat3Train_538_0,0
Pat3Train_539_0,0
Pat3Train_540_0,0
Pat3Train_541_0,0
Pat3Train_542_0,0
Pat3Train_543_0,0
Pat3Train_544_0,0
Pat3Train_545_0,0
Pat3Train_546_0,0
Pat3Train_547_0,0
Pat3Train_548_0,0
Pat3Train_549_0,0
Pat3Train_550_0,0
Pat3Train_551_0,0
Pat3Train_552_0,0
Pat3Train_553_0,0
Pat3Train_554_0,0
Pat3Train_555_0,0
Pat3Train_556_0,0
Pat3Train_557_0,0
Pat3Train_558_0,0
Pat3Train_559_0,0
Pat3Train_560_0,0
Pat3Train_561_0,0
Pat3Train_562_0,0
Pat3Train_563_0,0
Pat3Train_564_0,0
Pat3Train_565_0,0
Pat3Train_566_0,0
Pat3Train_567_0,0
Pat3Train_568_0,0
Pat3Train_569_0,0
Pat3Train_570_0,0
Pat3Train_571_0,0
Pat3Train_572_0,0
Pat3Train_573_0,0
Pat3Train_574_0,0
Pat3Train_575_0,0
Pat3Train_576_0,0
Pat3Train_601_0,0
Pat3Train_602_0,0
Pat3Train_603_0,0
Pat3Train_604_0,0
Pat3Train_605_0,0
Pat3Train_606_0,0
Pat3Train_607_0,0
Pat3Train_608_0,0
Pat3Train_609_0,0
Pat3Train_610_0,0
Pat3Train_611_0,0
Pat3Train_612_0,0
Pat3Train_613_0,0
Pat3Train_614_0,0
Pat3Train_615_0,0
Pat3Train_616_0,0
Pat3Train_617_0,0
Pat3Train_618_0,0
Pat3Train_619_0,0
Pat3Train_620_0,0
Pat3Train_621_0,0
Pat3Train_622_0,0
Pat3Train_623_0,0
Pat3Train_624_0,0
Pat3Train_625_0,0
Pat3Train_626_0,0
Pat3Train_627_0,0
Pat3Train_628_0,0
Pat3Train_629_0,0
Pat3Train_630_0,0
Pat3Train_631_0,0
Pat3Train_632_0,0
Pat3Train_633_0,0
Pat3Train_634_0,0
Pat3Train_635_0,0
Pat3Train_636_0,0
Pat3Train_637_0,0
Pat3Train_638_0,0
Pat3Train_639_0,0
Pat3Train_640_0,0
Pat3Train_641_0,0
Pat3Train_642_0,0
Pat3Train_643_0,0
Pat3Train_644_0,0
Pat3Train_645_0,0
Pat3Train_646_0,0
Pat3Train_647_0,0
Pat3Train_648_0,0
Pat3Train_649_0,0
Pat3Train_650_0,0
Pat3Train_651_0,0
Pat3Train_652_0,0
Pat3Train_653_0,0
Pat3Train_654_0,0
Pat3Train_655_0,0
Pat3Train_656_0,0
Pat3Train_657_0,0
Pat3Train_658_0,0
Pat3Train_659_0,0
Pat3Train_660_0,0
Pat3Train_661_0,0
Pat3Train_662_0,0
Pat3Train_663_0,0
Pat3Train_664_0,0
Pat3Train_665_0,0
Pat3Train_666_0,0
Pat3Train_667_0,0
Pat3Train_668_0,0
Pat3Train_669_0,0
Pat3Train_670_0,0
Pat3Train_671_0,0
Pat3Train_672_0,0
Pat3Train_673_0,0
Pat3Train_674_0,0
Pat3Train_675_0,0
Pat3Train_676_0,0
Pat3Train_677_0,0
Pat3Train_678_0,0
Pat3Train_685_0,0
Pat3Train_686_0,0
Pat3Train_687_0,0
Pat3Train_688_0,0
Pat3Train_689_0,0
Pat3Train_690_0,0
Pat3Train_697_0,0
Pat3Train_698_0,0
Pat3Train_699_0,0
Pat3Train_700_0,0
Pat3Train_701_0,0
Pat3Train_702_0,0
Pat3Train_703_0,0
Pat3Train_704_0,0
Pat3Train_705_0,0
Pat3Train_706_0,0
Pat3Train_707_0,0
Pat3Train_708_0,0
Pat3Train_709_0,0
Pat3Train_710_0,0
Pat3Train_711_0,0
Pat3Train_712_0,0
Pat3Train_713_0,0
Pat3Train_714_0,0
Pat3Train_715_0,0
Pat3Train_716_0,0
Pat3Train_717_0,0
Pat3Train_718_0,0
Pat3Train_719_0,0
Pat3Train_720_0,0
Pat3Train_721_0,0
Pat3Train_722_0,0
Pat3Train_723_0,0
Pat3Train_724_0,0
Pat3Train_725_0,0
Pat3Train_726_0,0
Pat3Train_733_0,0
Pat3Train_734_0,0
Pat3Train_735_0,0
Pat3Train_736_0,0
Pat3Train_737_0,0
Pat3Train_738_0,0
Pat3Train_739_0,0
Pat3Train_740_0,0
Pat3Train_741_0,0
Pat3Train_742_0,0
Pat3Train_743_0,0
Pat3Train_744_0,0
Pat3Train_745_0,0
Pat3Train_746_0,0
Pat3Train_747_0,0
Pat3Train_748_0,0
Pat3Train_749_0,0
Pat3Train_750_0,0
Pat3Train_751_0,0
Pat3Train_752_0,0
Pat3Train_753_0,0
Pat3Train_754_0,0
Pat3Train_755_0,0
Pat3Train_756_0,0
Pat3Train_757_0,0
Pat3Train_758_0,0
Pat3Train_759_0,0
Pat3Train_760_0,0
Pat3Train_761_0,0
Pat3Train_762_0,0
Pat3Train_763_0,0
Pat3Train_764_0,0
Pat3Train_765_0,0
Pat3Train_766_0,0
Pat3Train_767_0,0
Pat3Train_768_0,0
Pat3Train_769_0,0
Pat3Train_770_0,0
Pat3Train_771_0,0
Pat3Train_772_0,0
Pat3Train_773_0,0
Pat3Train_774_0,0
Pat3Train_775_0,0
Pat3Train_776_0,0
Pat3Train_777_0,0
Pat3Train_778_0,0
Pat3Train_779_0,0
Pat3Train_780_0,0
Pat3Train_781_0,0
Pat3Train_782_0,0
Pat3Train_783_0,0
Pat3Train_784_0,0
Pat3Train_785_0,0
Pat3Train_786_0,0
Pat3Train_787_0,0
Pat3Train_788_0,0
Pat3Train_789_0,0
Pat3Train_790_0,0
Pat3Train_791_0,0
Pat3Train_792_0,0
Pat3Train_793_0,0
Pat3Train_794_0,0
Pat3Train_795_0,0
Pat3Train_796_0,0
Pat3Train_797_0,0
Pat3Train_798_0,0
Pat3Train_811_0,0
Pat3Train_812_0,0
Pat3Train_813_0,0
Pat3Train_814_0,0
Pat3Train_815_0,0
Pat3Train_816_0,0
Pat3Train_817_0,0
Pat3Train_818_0,0
Pat3Train_819_0,0
Pat3Train_820_0,0
Pat3Train_821_0,0
Pat3Train_822_0,0
Pat3Train_823_0,0
Pat3Train_824_0,0
Pat3Train_825_0,0
Pat3Train_826_0,0
Pat3Train_827_0,0
Pat3Train_828_0,0
Pat3Train_829_0,0
Pat3Train_830_0,0
Pat3Train_831_0,0
Pat3Train_832_0,0
Pat3Train_833_0,0
Pat3Train_834_0,0
Pat3Train_835_0,0
Pat3Train_836_0,0
Pat3Train_837_0,0
Pat3Train_838_0,0
Pat3Train_839_0,0
Pat3Train_840_0,0
Pat3Train_841_0,0
Pat3Train_842_0,0
Pat3Train_843_0,0
Pat3Train_844_0,0
Pat3Train_845_0,0
Pat3Train_846_0,0
Pat3Train_847_0,0
Pat3Train_848_0,0
Pat3Train_849_0,0
Pat3Train_850_0,0
Pat3Train_851_0,0
Pat3Train_852_0,0
Pat3Train_853_0,0
Pat3Train_854_0,0
Pat3Train_855_0,0
Pat3Train_856_0,0
Pat3Train_857_0,0
Pat3Train_858_0,0
Pat3Train_859_0,0
Pat3Train_860_0,0
Pat3Train_861_0,0
Pat3Train_862_0,0
Pat3Train_863_0,0
Pat3Train_864_0,0
Pat3Train_865_0,0
Pat3Train_866_0,0
Pat3Train_867_0,0
Pat3Train_868_0,0
Pat3Train_869_0,0
Pat3Train_870_0,0
Pat3Train_871_0,0
Pat3Train_872_0,0
Pat3Train_873_0,0
Pat3Train_874_0,0
Pat3Train_875_0,0
Pat3Train_876_0,0
Pat3Train_877_0,0
Pat3Train_878_0,0
Pat3Train_879_0,0
Pat3Train_880_0,0
Pat3Train_881_0,0
Pat3Train_882_0,0
Pat3Train_883_0,0
Pat3Train_884_0,0
Pat3Train_885_0,0
Pat3Train_886_0,0
Pat3Train_887_0,0
Pat3Train_888_0,0
Pat3Train_889_0,0
Pat3Train_890_0,0
Pat3Train_891_0,0
Pat3Train_892_0,0
Pat3Train_893_0,0
Pat3Train_894_0,0
Pat3Train_925_0,0
Pat3Train_926_0,0
Pat3Train_927_0,0
Pat3Train_928_0,0
Pat3Train_929_0,0
Pat3Train_930_0,0
Pat3Train_931_0,0
Pat3Train_932_0,0
Pat3Train_933_0,0
Pat3Train_934_0,0
Pat3Train_935_0,0
Pat3Train_936_0,0
Pat3Train_937_0,0
Pat3Train_938_0,0
Pat3Train_939_0,0
Pat3Train_940_0,0
Pat3Train_941_0,0
Pat3Train_942_0,0
Pat3Train_943_0,0
Pat3Train_944_0,0
Pat3Train_945_0,0
Pat3Train_946_0,0
Pat3Train_947_0,0
Pat3Train_948_0,0
Pat3Train_949_0,0
Pat3Train_950_0,0
Pat3Train_951_0,0
Pat3Train_952_0,0
Pat3Train_953_0,0
Pat3Train_954_0,0
Pat3Train_955_0,0
Pat3Train_956_0,0
Pat3Train_957_0,0
Pat3Train_958_0,0
Pat3Train_959_0,0
Pat3Train_960_0,0
Pat3Train_961_0,0
Pat3Train_962_0,0
Pat3Train_963_0,0
Pat3Train_964_0,0
Pat3Train_965_0,0
Pat3Train_966_0,0
Pat3Train_1015_0,0
Pat3Train_1016_0,0
Pat3Train_1017_0,0
Pat3Train_1018_0,0
Pat3Train_1019_0,0
Pat3Train_1020_0,0
Pat3Train_1021_0,0
Pat3Train_1022_0,0
Pat3Train_1023_0,0
Pat3Train_1024_0,0
Pat3Train_1025_0,0
Pat3Train_1026_0,0
Pat3Train_1027_0,0
Pat3Train_1028_0,0
Pat3Train_1029_0,0
Pat3Train_1030_0,0
Pat3Train_1031_0,0
Pat3Train_1032_0,0
Pat3Train_1033_0,0
Pat3Train_1034_0,0
Pat3Train_1035_0,0
Pat3Train_1036_0,0
Pat3Train_1037_0,0
Pat3Train_1038_0,0
Pat3Train_1039_0,0
Pat3Train_1040_0,0
Pat3Train_1041_0,0
Pat3Train_1042_0,0
Pat3Train_1043_0,0
Pat3Train_1044_0,0
Pat3Train_1045_0,0
Pat3Train_1046_0,0
Pat3Train_1047_0,0
Pat3Train_1048_0,0
Pat3Train_1049_0,0
Pat3Train_1050_0,0
Pat3Train_1063_0,0
Pat3Train_1064_0,0
Pat3Train_1065_0,0
Pat3Train_1066_0,0
Pat3Train_1067_0,0
Pat3Train_1068_0,0
Pat3Train_1069_0,0
Pat3Train_1070_0,0
Pat3Train_1071_0,0
Pat3Train_1072_0,0
Pat3Train_1073_0,0
Pat3Train_1074_0,0
Pat3Train_1075_0,0
Pat3Train_1076_0,0
Pat3Train_1077_0,0
Pat3Train_1078_0,0
Pat3Train_1079_0,0
Pat3Train_1080_0,0
Pat3Train_1081_0,0
Pat3Train_1082_0,0
Pat3Train_1083_0,0
Pat3Train_1084_0,0
Pat3Train_1085_0,0
Pat3Train_1086_0,0
Pat3Train_1087_0,0
Pat3Train_1088_0,0
Pat3Train_1089_0,0
Pat3Train_1090_0,0
Pat3Train_1091_0,0
Pat3Train_1092_0,0
Pat3Train_1093_0,0
Pat3Train_1094_0,0
Pat3Train_1095_0,0
Pat3Train_1096_0,0
Pat3Train_1097_0,0
Pat3Train_1098_0,0
Pat3Train_1099_0,0
Pat3Train_1100_0,0
Pat3Train_1101_0,0
Pat3Train_1102_0,0
Pat3Train_1103_0,0
Pat3Train_1104_0,0
Pat3Train_1123_0,0
Pat3Train_1124_0,0
Pat3Train_1125_0,0
Pat3Train_1126_0,0
Pat3Train_1127_0,0
Pat3Train_1128_0,0
Pat3Train_1129_0,0
Pat3Train_1130_0,0
Pat3Train_1131_0,0
Pat3Train_1132_0,0
Pat3Train_1133_0,0
Pat3Train_1134_0,0
Pat3Train_1135_0,0
Pat3Train_1136_0,0
Pat3Train_1137_0,0
Pat3Train_1138_0,0
Pat3Train_1139_0,0
Pat3Train_1140_0,0
Pat3Train_1141_0,0
Pat3Train_1142_0,0
Pat3Train_1143_0,0
Pat3Train_1144_0,0
Pat3Train_1145_0,0
Pat3Train_1146_0,0
Pat3Train_1147_0,0
Pat3Train_1148_0,0
Pat3Train_1149_0,0
Pat3Train_1150_0,0
Pat3Train_1151_0,0
Pat3Train_1152_0,0
Pat3Train_1153_0,0
Pat3Train_1154_0,0
Pat3Train_1155_0,0
Pat3Train_1156_0,0
Pat3Train_1157_0,0
Pat3Train_1158_0,0
Pat3Train_1159_0,0
Pat3Train_1160_0,0
Pat3Train_1161_0,0
Pat3Train_1162_0,0
Pat3Train_1163_0,0
Pat3Train_1164_0,0
Pat3Train_1171_0,0
Pat3Train_1172_0,0
Pat3Train_1173_0,0
Pat3Train_1174_0,0
Pat3Train_1175_0,0
Pat3Train_1176_0,0
Pat3Train_1177_0,0
Pat3Train_1178_0,0
Pat3Train_1179_0,0
Pat3Train_1180_0,0
Pat3Train_1181_0,0
Pat3Train_1182_0,0
Pat3Train_1195_0,0
Pat3Train_1196_0,0
Pat3Train_1197_0,0
Pat3Train_1198_0,0
Pat3Train_1199_0,0
Pat3Train_1200_0,0
Pat3Train_1201_0,0
Pat3Train_1202_0,0
Pat3Train_1203_0,0
Pat3Train_1204_0,0
Pat3Train_1205_0,0
Pat3Train_1206_0,0
Pat3Train_1207_0,0
Pat3Train_1208_0,0
Pat3Train_1209_0,0
Pat3Train_1210_0,0
Pat3Train_1211_0,0
Pat3Train_1212_0,0
Pat3Train_1213_0,0
Pat3Train_1214_0,0
Pat3Train_1215_0,0
Pat3Train_1216_0,0
Pat3Train_1217_0,0
Pat3Train_1218_0,0
Pat3Train_1219_0,0
Pat3Train_1220_0,0
Pat3Train_1221_0,0
Pat3Train_1222_0,0
Pat3Train_1223_0,0
Pat3Train_1224_0,0
Pat3Train_1225_0,0
Pat3Train_1226_0,0
Pat3Train_1227_0,0
Pat3Train_1228_0,0
Pat3Train_1229_0,0
Pat3Train_1230_0,0
Pat3Train_1231_0,0
Pat3Train_1232_0,0
Pat3Train_1233_0,0
Pat3Train_1234_0,0
Pat3Train_1235_0,0
Pat3Train_1236_0,0
Pat3Train_1249_0,0
Pat3Train_1250_0,0
Pat3Train_1251_0,0
Pat3Train_1252_0,0
Pat3Train_1253_0,0
Pat3Train_1254_0,0
Pat3Train_1255_0,0
Pat3Train_1256_0,0
Pat3Train_1257_0,0
Pat3Train_1258_0,0
Pat3Train_1259_0,0
Pat3Train_1260_0,0
Pat3Train_1261_0,0
Pat3Train_1262_0,0
Pat3Train_1263_0,0
Pat3Train_1264_0,0
Pat3Train_1265_0,0
Pat3Train_1266_0,0
Pat3Train_1267_0,0
Pat3Train_1268_0,0
Pat3Train_1269_0,0
Pat3Train_1270_0,0
Pat3Train_1271_0,0
Pat3Train_1272_0,0
Pat3Train_1273_0,0
Pat3Train_1274_0,0
Pat3Train_1275_0,0
Pat3Train_1276_0,0
Pat3Train_1277_0,0
Pat3Train_1278_0,0
Pat3Train_1279_0,0
Pat3Train_1280_0,0
Pat3Train_1281_0,0
Pat3Train_1282_0,0
Pat3Train_1283_0,0
Pat3Train_1284_0,0
Pat3Train_1285_0,0
Pat3Train_1286_0,0
Pat3Train_1287_0,0
Pat3Train_1288_0,0
Pat3Train_1289_0,0
Pat3Train_1290_0,0
Pat3Train_1291_0,0
Pat3Train_1292_0,0
Pat3Train_1293_0,0
Pat3Train_1294_0,0
Pat3Train_1295_0,0
Pat3Train_1296_0,0
Pat3Train_1297_0,0
Pat3Train_1298_0,0
Pat3Train_1299_0,0
Pat3Train_1300_0,0
Pat3Train_1301_0,0
Pat3Train_1302_0,0
Pat3Train_1303_0,0
Pat3Train_1304_0,0
Pat3Train_1305_0,0
Pat3Train_1306_0,0
Pat3Train_1307_0,0
Pat3Train_1308_0,0
Pat3Train_1309_0,0
Pat3Train_1310_0,0
Pat3Train_1311_0,0
Pat3Train_1312_0,0
Pat3Train_1313_0,0
Pat3Train_1314_0,0
Pat3Train_1315_0,0
Pat3Train_1316_0,0
Pat3Train_1317_0,0
Pat3Train_1318_0,0
Pat3Train_1319_0,0
Pat3Train_1320_0,0
Pat3Train_1321_0,0
Pat3Train_1322_0,0
Pat3Train_1323_0,0
Pat3Train_1324_0,0
Pat3Train_1325_0,0
Pat3Train_1326_0,0
Pat3Train_1327_0,0
Pat3Train_1328_0,0
Pat3Train_1329_0,0
Pat3Train_1330_0,0
Pat3Train_1331_0,0
Pat3Train_1332_0,0
Pat3Train_1333_0,0
Pat3Train_1334_0,0
Pat3Train_1335_0,0
Pat3Train_1336_0,0
Pat3Train_1337_0,0
Pat3Train_1338_0,0
Pat3Train_1339_0,0
Pat3Train_1340_0,0
Pat3Train_1341_0,0
Pat3Train_1342_0,0
Pat3Train_1343_0,0
Pat3Train_1344_0,0
Pat3Train_1345_0,0
Pat3Train_1346_0,0
Pat3Train_1347_0,0
Pat3Train_1348_0,0
Pat3Train_1349_0,0
Pat3Train_1350_0,0
Pat3Train_1351_0,0
Pat3Train_1352_0,0
Pat3Train_1353_0,0
Pat3Train_1354_0,0
Pat3Train_1355_0,0
Pat3Train_1356_0,0
Pat3Train_1357_0,0
Pat3Train_1358_0,0
Pat3Train_1359_0,0
Pat3Train_1360_0,0
Pat3Train_1361_0,0
Pat3Train_1362_0,0
Pat3Train_1363_0,0
Pat3Train_1364_0,0
Pat3Train_1365_0,0
Pat3Train_1366_0,0
Pat3Train_1367_0,0
Pat3Train_1368_0,0
Pat3Train_1369_0,0
Pat3Train_1370_0,0
Pat3Train_1371_0,0
Pat3Train_1372_0,0
Pat3Train_1373_0,0
Pat3Train_1374_0,0
Pat3Train_1375_0,0
Pat3Train_1376_0,0
Pat3Train_1377_0,0
Pat3Train_1378_0,0
Pat3Train_1379_0,0
Pat3Train_1380_0,0
Pat3Train_1381_0,0
Pat3Train_1382_0,0
Pat3Train_1383_0,0
Pat3Train_1384_0,0
Pat3Train_1385_0,0
Pat3Train_1386_0,0
Pat3Train_1387_0,0
Pat3Train_1388_0,0
Pat3Train_1389_0,0
Pat3Train_1390_0,0
Pat3Train_1391_0,0
Pat3Train_1392_0,0
Pat3Train_1393_0,0
Pat3Train_1394_0,0
Pat3Train_1395_0,0
Pat3Train_1396_0,0
Pat3Train_1397_0,0
Pat3Train_1398_0,0
Pat3Train_1399_0,0
Pat3Train_1400_0,0
Pat3Train_1401_0,0
Pat3Train_1402_0,0
Pat3Train_1403_0,0
Pat3Train_1404_0,0
Pat3Train_1405_0,0
Pat3Train_1406_0,0
Pat3Train_1407_0,0
Pat3Train_1408_0,0
Pat3Train_1409_0,0
Pat3Train_1410_0,0
Pat3Train_1411_0,0
Pat3Train_1412_0,0
Pat3Train_1413_0,0
Pat3Train_1414_0,0
Pat3Train_1415_0,0
Pat3Train_1416_0,0
Pat3Train_1417_0,0
Pat3Train_1418_0,0
Pat3Train_1419_0,0
Pat3Train_1420_0,0
Pat3Train_1421_0,0
Pat3Train_1422_0,0
Pat3Train_1423_0,0
Pat3Train_1424_0,0
Pat3Train_1425_0,0
Pat3Train_1426_0,0
Pat3Train_1427_0,0
Pat3Train_1428_0,0
Pat3Train_1429_0,0
Pat3Train_1430_0,0
Pat3Train_1431_0,0
Pat3Train_1432_0,0
Pat3Train_1433_0,0
Pat3Train_1434_0,0
Pat3Train_1435_0,0
Pat3Train_1436_0,0
Pat3Train_1437_0,0
Pat3Train_1438_0,0
Pat3Train_1439_0,0
Pat3Train_1440_0,0
Pat3Train_1441_0,0
Pat3Train_1442_0,0
Pat3Train_1443_0,0
Pat3Train_1444_0,0
Pat3Train_1445_0,0
Pat3Train_1446_0,0
Pat3Train_1447_0,0
Pat3Train_1448_0,0
Pat3Train_1449_0,0
Pat3Train_1450_0,0
Pat3Train_1451_0,0
Pat3Train_1452_0,0
Pat3Train_1453_0,0
Pat3Train_1454_0,0
Pat3Train_1455_0,0
Pat3Train_1456_0,0
Pat3Train_1457_0,0
Pat3Train_1458_0,0
Pat3Train_1459_0,0
Pat3Train_1460_0,0
Pat3Train_1461_0,0
Pat3Train_1462_0,0
Pat3Train_1463_0,0
Pat3Train_1464_0,0
Pat3Train_1465_0,0
Pat3Train_1466_0,0
Pat3Train_1467_0,0
Pat3Train_1468_0,0
Pat3Train_1469_0,0
Pat3Train_1470_0,0
Pat3Train_1471_0,0
Pat3Train_1472_0,0
Pat3Train_1473_0,0
Pat3Train_1474_0,0
Pat3Train_1475_0,0
Pat3Train_1476_0,0
Pat3Train_1477_0,0
Pat3Train_1478_0,0
Pat3Train_1479_0,0
Pat3Train_1480_0,0
Pat3Train_1481_0,0
Pat3Train_1482_0,0
Pat3Train_1483_0,0
Pat3Train_1484_0,0
Pat3Train_1485_0,0
Pat3Train_1486_0,0
Pat3Train_1487_0,0
Pat3Train_1488_0,0
Pat3Train_1489_0,0
Pat3Train_1490_0,0
Pat3Train_1491_0,0
Pat3Train_1492_0,0
Pat3Train_1493_0,0
Pat3Train_1494_0,0
Pat3Train_1495_0,0
Pat3Train_1496_0,0
Pat3Train_1497_0,0
Pat3Train_1498_0,0
Pat3Train_1499_0,0
Pat3Train_1500_0,0
Pat3Train_1501_0,0
Pat3Train_1502_0,0
Pat3Train_1503_0,0
Pat3Train_1504_0,0
Pat3Train_1505_0,0
Pat3Train_1506_0,0
Pat3Train_1507_0,0
Pat3Train_1508_0,0
Pat3Train_1509_0,0
Pat3Train_1510_0,0
Pat3Train_1511_0,0
Pat3Train_1512_0,0
Pat3Train_1513_0,0
Pat3Train_1514_0,0
Pat3Train_1515_0,0
Pat3Train_1516_0,0
Pat3Train_1517_0,0
Pat3Train_1518_0,0
Pat3Train_1519_0,0
Pat3Train_1520_0,0
Pat3Train_1521_0,0
Pat3Train_1522_0,0
Pat3Train_1523_0,0
Pat3Train_1524_0,0
Pat3Train_1525_0,0
Pat3Train_1526_0,0
Pat3Train_1527_0,0
Pat3Train_1528_0,0
Pat3Train_1529_0,0
Pat3Train_1530_0,0
Pat3Train_1531_0,0
Pat3Train_1532_0,0
Pat3Train_1533_0,0
Pat3Train_1534_0,0
Pat3Train_1535_0,0
Pat3Train_1536_0,0
Pat3Train_1537_0,0
Pat3Train_1538_0,0
Pat3Train_1539_0,0
Pat3Train_1540_0,0
Pat3Train_1541_0,0
Pat3Train_1542_0,0
Pat3Train_1543_0,0
Pat3Train_1544_0,0
Pat3Train_1545_0,0
Pat3Train_1546_0,0
Pat3Train_1547_0,0
Pat3Train_1548_0,0
Pat3Train_1549_0,0
Pat3Train_1550_0,0
Pat3Train_1551_0,0
Pat3Train_1552_0,0
Pat3Train_1553_0,0
Pat3Train_1554_0,0
Pat3Train_1555_0,0
Pat3Train_1556_0,0
Pat3Train_1557_0,0
Pat3Train_1558_0,0
Pat3Train_1559_0,0
Pat3Train_1560_0,0
Pat3Train_1561_0,0
Pat3Train_1562_0,0
Pat3Train_1563_0,0
Pat3Train_1564_0,0
Pat3Train_1565_0,0
Pat3Train_1566_0,0
Pat3Train_1567_0,0
Pat3Train_1568_0,0
Pat3Train_1569_0,0
Pat3Train_1570_0,0
Pat3Train_1571_0,0
Pat3Train_1572_0,0
Pat3Train_1573_0,0
Pat3Train_1574_0,0
Pat3Train_1575_0,0
Pat3Train_1576_0,0
Pat3Train_1577_0,0
Pat3Train_1578_0,0
Pat3Train_1579_0,0
Pat3Train_1580_0,0
Pat3Train_1581_0,0
Pat3Train_1582_0,0
Pat3Train_1583_0,0
Pat3Train_1584_0,0
Pat3Train_1585_0,0
Pat3Train_1586_0,0
Pat3Train_1587_0,0
Pat3Train_1588_0,0
Pat3Train_1589_0,0
Pat3Train_1590_0,0
Pat3Train_1591_0,0
Pat3Train_1592_0,0
Pat3Train_1593_0,0
Pat3Train_1594_0,0
Pat3Train_1595_0,0
Pat3Train_1596_0,0
Pat3Train_1597_0,0
Pat3Train_1598_0,0
Pat3Train_1599_0,0
Pat3Train_1600_0,0
Pat3Train_1601_0,0
Pat3Train_1602_0,0
Pat3Train_1603_0,0
Pat3Train_1604_0,0
Pat3Train_1605_0,0
Pat3Train_1606_0,0
Pat3Train_1607_0,0
Pat3Train_1608_0,0
Pat3Train_1609_0,0
Pat3Train_1610_0,0
Pat3Train_1611_0,0
Pat3Train_1612_0,0
Pat3Train_1613_0,0
Pat3Train_1614_0,0
Pat3Train_1615_0,0
Pat3Train_1616_0,0
Pat3Train_1617_0,0
Pat3Train_1618_0,0
Pat3Train_1619_0,0
Pat3Train_1620_0,0
Pat3Train_1621_0,0
Pat3Train_1622_0,0
Pat3Train_1623_0,0
Pat3Train_1624_0,0
Pat3Train_1625_0,0
Pat3Train_1626_0,0
Pat3Train_1627_0,0
Pat3Train_1628_0,0
Pat3Train_1629_0,0
Pat3Train_1630_0,0
Pat3Train_1631_0,0
Pat3Train_1632_0,0
Pat3Train_1633_0,0
Pat3Train_1634_0,0
Pat3Train_1635_0,0
Pat3Train_1636_0,0
Pat3Train_1637_0,0
Pat3Train_1638_0,0
Pat3Train_1639_0,0
Pat3Train_1640_0,0
Pat3Train_1641_0,0
Pat3Train_1642_0,0
Pat3Train_1643_0,0
Pat3Train_1644_0,0
Pat3Train_1645_0,0
Pat3Train_1646_0,0
Pat3Train_1647_0,0
Pat3Train_1648_0,0
Pat3Train_1649_0,0
Pat3Train_1650_0,0
Pat3Train_1651_0,0
Pat3Train_1652_0,0
Pat3Train_1653_0,0
Pat3Train_1654_0,0
Pat3Train_1655_0,0
Pat3Train_1656_0,0
Pat3Train_1657_0,0
Pat3Train_1658_0,0
Pat3Train_1659_0,0
Pat3Train_1660_0,0
Pat3Train_1661_0,0
Pat3Train_1662_0,0
Pat3Train_1663_0,0
Pat3Train_1664_0,0
Pat3Train_1665_0,0
Pat3Train_1666_0,0
Pat3Train_1667_0,0
Pat3Train_1668_0,0
Pat3Train_1669_0,0
Pat3Train_1670_0,0
Pat3Train_1671_0,0
Pat3Train_1672_0,0
Pat3Train_1673_0,0
Pat3Train_1674_0,0
Pat3Train_1675_0,0
Pat3Train_1676_0,0
Pat3Train_1677_0,0
Pat3Train_1678_0,0
Pat3Train_1679_0,0
Pat3Train_1680_0,0
Pat3Train_1681_0,0
Pat3Train_1682_0,0
Pat3Train_1683_0,0
Pat3Train_1684_0,0
Pat3Train_1685_0,0
Pat3Train_1686_0,0
Pat3Train_1711_0,0
Pat3Train_1712_0,0
Pat3Train_1713_0,0
Pat3Train_1714_0,0
Pat3Train_1715_0,0
Pat3Train_1716_0,0
Pat3Train_1717_0,0
Pat3Train_1718_0,0
Pat3Train_1719_0,0
Pat3Train_1720_0,0
Pat3Train_1721_0,0
Pat3Train_1722_0,0
Pat3Train_1723_0,0
Pat3Train_1724_0,0
Pat3Train_1725_0,0
Pat3Train_1726_0,0
Pat3Train_1727_0,0
Pat3Train_1728_0,0
Pat3Train_1729_0,0
Pat3Train_1730_0,0
Pat3Train_1731_0,0
Pat3Train_1732_0,0
Pat3Train_1733_0,0
Pat3Train_1734_0,0
Pat3Train_1735_0,0
Pat3Train_1736_0,0
Pat3Train_1737_0,0
Pat3Train_1738_0,0
Pat3Train_1739_0,0
Pat3Train_1740_0,0
Pat3Train_1741_0,0
Pat3Train_1742_0,0
Pat3Train_1743_0,0
Pat3Train_1744_0,0
Pat3Train_1745_0,0
Pat3Train_1746_0,0
Pat3Train_1747_0,0
Pat3Train_1748_0,0
Pat3Train_1749_0,0
Pat3Train_1750_0,0
Pat3Train_1751_0,0
Pat3Train_1752_0,0
Pat3Train_1759_0,0
Pat3Train_1760_0,0
Pat3Train_1761_0,0
Pat3Train_1762_0,0
Pat3Train_1763_0,0
Pat3Train_1764_0,0
Pat3Train_1765_0,0
Pat3Train_1766_0,0
Pat3Train_1767_0,0
Pat3Train_1768_0,0
Pat3Train_1769_0,0
Pat3Train_1770_0,0
Pat3Train_1771_0,0
Pat3Train_1772_0,0
Pat3Train_1773_0,0
Pat3Train_1774_0,0
Pat3Train_1775_0,0
Pat3Train_1776_0,0
Pat3Train_1777_0,0
Pat3Train_1778_0,0
Pat3Train_1779_0,0
Pat3Train_1780_0,0
Pat3Train_1781_0,0
Pat3Train_1782_0,0
Pat3Train_1783_0,0
Pat3Train_1784_0,0
Pat3Train_1785_0,0
Pat3Train_1786_0,0
Pat3Train_1787_0,0
Pat3Train_1788_0,0
Pat3Train_1789_0,0
Pat3Train_1790_0,0
Pat3Train_1791_0,0
Pat3Train_1792_0,0
Pat3Train_1793_0,0
Pat3Train_1794_0,0
Pat3Train_1795_0,0
Pat3Train_1796_0,0
Pat3Train_1797_0,0
Pat3Train_1798_0,0
Pat3Train_1799_0,0
Pat3Train_1800_0,0
Pat3Train_1801_0,0
Pat3Train_1802_0,0
Pat3Train_1803_0,0
Pat3Train_1804_0,0
Pat3Train_1805_0,0
Pat3Train_1806_0,0
Pat3Train_1807_0,0
Pat3Train_1808_0,0
Pat3Train_1809_0,0
Pat3Train_1810_0,0
Pat3Train_1811_0,0
Pat3Train_1812_0,0
Pat3Train_1813_0,0
Pat3Train_1814_0,0
Pat3Train_1815_0,0
Pat3Train_1816_0,0
Pat3Train_1817_0,0
Pat3Train_1818_0,0
Pat3Train_1819_0,0
Pat3Train_1820_0,0
Pat3Train_1821_0,0
Pat3Train_1822_0,0
Pat3Train_1823_0,0
Pat3Train_1824_0,0
Pat3Train_1825_0,0
Pat3Train_1826_0,0
Pat3Train_1827_0,0
Pat3Train_1828_0,0
Pat3Train_1829_0,0
Pat3Train_1830_0,0
Pat3Train_1831_0,0
Pat3Train_1832_0,0
Pat3Train_1833_0,0
Pat3Train_1834_0,0
Pat3Train_1835_0,0
Pat3Train_1836_0,0
Pat3Train_1837_0,0
Pat3Train_1838_0,0
Pat3Train_1839_0,0
Pat3Train_1840_0,0
Pat3Train_1841_0,0
Pat3Train_1842_0,0
Pat3Train_1843_0,0
Pat3Train_1844_0,0
Pat3Train_1845_0,0
Pat3Train_1846_0,0
Pat3Train_1847_0,0
Pat3Train_1848_0,0
Pat3Train_1849_0,0
Pat3Train_1850_0,0
Pat3Train_1851_0,0
Pat3Train_1852_0,0
Pat3Train_1853_0,0
Pat3Train_1854_0,0
Pat3Train_1855_0,0
Pat3Train_1856_0,0
Pat3Train_1857_0,0
Pat3Train_1858_0,0
Pat3Train_1859_0,0
Pat3Train_1860_0,0
Pat3Train_1861_0,0
Pat3Train_1862_0,0
Pat3Train_1863_0,0
Pat3Train_1864_0,0
Pat3Train_1865_0,0
Pat3Train_1866_0,0
Pat3Train_1867_0,0
Pat3Train_1868_0,0
Pat3Train_1869_0,0
Pat3Train_1870_0,0
Pat3Train_1871_0,0
Pat3Train_1872_0,0
Pat3Train_1873_0,0
Pat3Train_1874_0,0
Pat3Train_1875_0,0
Pat3Train_1876_0,0
Pat3Train_1877_0,0
Pat3Train_1878_0,0
Pat3Train_1879_0,0
Pat3Train_1880_0,0
Pat3Train_1881_0,0
Pat3Train_1882_0,0
Pat3Train_1883_0,0
Pat3Train_1884_0,0
Pat3Train_1885_0,0
Pat3Train_1886_0,0
Pat3Train_1887_0,0
Pat3Train_1888_0,0
Pat3Train_1889_0,0
Pat3Train_1890_0,0
Pat3Train_1891_0,0
Pat3Train_1892_0,0
Pat3Train_1893_0,0
Pat3Train_1894_0,0
Pat3Train_1895_0,0
Pat3Train_1896_0,0
Pat3Train_1897_0,0
Pat3Train_1898_0,0
Pat3Train_1899_0,0
Pat3Train_1900_0,0
Pat3Train_1901_0,0
Pat3Train_1902_0,0
Pat3Train_1903_0,0
Pat3Train_1904_0,0
Pat3Train_1905_0,0
Pat3Train_1906_0,0
Pat3Train_1907_0,0
Pat3Train_1908_0,0
Pat3Train_1909_0,0
Pat3Train_1910_0,0
Pat3Train_1911_0,0
Pat3Train_1912_0,0
Pat3Train_1913_0,0
Pat3Train_1914_0,0
Pat3Train_1915_0,0
Pat3Train_1916_0,0
Pat3Train_1917_0,0
Pat3Train_1918_0,0
Pat3Train_1919_0,0
Pat3Train_1920_0,0
Pat3Train_1921_0,0
Pat3Train_1922_0,0
Pat3Train_1923_0,0
Pat3Train_1924_0,0
Pat3Train_1925_0,0
Pat3Train_1926_0,0
Pat3Train_1927_0,0
Pat3Train_1928_0,0
Pat3Train_1929_0,0
Pat3Train_1930_0,0
Pat3Train_1931_0,0
Pat3Train_1932_0,0
Pat3Train_1933_0,0
Pat3Train_1934_0,0
Pat3Train_1935_0,0
Pat3Train_1936_0,0
Pat3Train_1937_0,0
Pat3Train_1938_0,0
Pat3Train_1939_0,0
Pat3Train_1940_0,0
Pat3Train_1941_0,0
Pat3Train_1942_0,0
Pat3Train_1943_0,0
Pat3Train_1944_0,0
Pat3Train_1945_0,0
Pat3Train_1946_0,0
Pat3Train_1947_0,0
Pat3Train_1948_0,0
Pat3Train_1949_0,0
Pat3Train_1950_0,0
Pat3Train_1951_0,0
Pat3Train_1952_0,0
Pat3Train_1953_0,0
Pat3Train_1954_0,0
Pat3Train_1955_0,0
Pat3Train_1956_0,0
Pat3Train_1957_0,0
Pat3Train_1958_0,0
Pat3Train_1959_0,0
Pat3Train_1960_0,0
Pat3Train_1961_0,0
Pat3Train_1962_0,0
Pat3Train_1963_0,0
Pat3Train_1964_0,0
Pat3Train_1965_0,0
Pat3Train_1966_0,0
Pat3Train_1967_0,0
Pat3Train_1968_0,0
Pat3Train_1969_0,0
Pat3Train_1970_0,0
Pat3Train_1971_0,0
Pat3Train_1972_0,0
Pat3Train_1973_0,0
Pat3Train_1974_0,0
Pat3Train_1975_0,0
Pat3Train_1976_0,0
Pat3Train_1977_0,0
Pat3Train_1978_0,0
Pat3Train_1979_0,0
Pat3Train_1980_0,0
Pat3Train_1981_0,0
Pat3Train_1982_0,0
Pat3Train_1983_0,0
Pat3Train_1984_0,0
Pat3Train_1985_0,0
Pat3Train_1986_0,0
Pat3Train_1987_0,0
Pat3Train_1988_0,0
Pat3Train_1989_0,0
Pat3Train_1990_0,0
Pat3Train_1991_0,0
Pat3Train_1992_0,0
Pat3Train_1993_0,0
Pat3Train_1994_0,0
Pat3Train_1995_0,0
Pat3Train_1996_0,0
Pat3Train_1997_0,0
Pat3Train_1998_0,0
Pat3Train_1999_0,0
Pat3Train_2000_0,0
Pat3Train_2001_0,0
Pat3Train_2002_0,0
Pat3Train_2003_0,0
Pat3Train_2004_0,0
Pat3Train_2005_0,0
Pat3Train_2006_0,0
Pat3Train_2007_0,0
Pat3Train_2008_0,0
Pat3Train_2009_0,0
Pat3Train_2010_0,0
Pat3Train_2011_0,0
Pat3Train_2012_0,0
Pat3Train_2013_0,0
Pat3Train_2014_0,0
Pat3Train_2015_0,0
Pat3Train_2016_0,0
Pat3Train_2017_0,0
Pat3Train_2018_0,0
Pat3Train_2019_0,0
Pat3Train_2020_0,0
Pat3Train_2021_0,0
Pat3Train_2022_0,0
Pat3Train_2023_0,0
Pat3Train_2024_0,0
Pat3Train_2025_0,0
Pat3Train_2026_0,0
Pat3Train_2027_0,0
Pat3Train_2028_0,0
Pat3Train_2029_0,0
Pat3Train_2030_0,0
Pat3Train_2031_0,0
Pat3Train_2032_0,0
Pat3Train_2033_0,0
Pat3Train_2034_0,0
Pat3Train_2035_0,0
Pat3Train_2036_0,0
Pat3Train_2037_0,0
Pat3Train_2038_0,0
Pat3Train_2039_0,0
Pat3Train_2040_0,0
Pat3Train_2041_0,0
Pat3Train_2042_0,0
Pat3Train_2043_0,0
Pat3Train_2044_0,0
Pat3Train_2045_0,0
Pat3Train_2046_0,0
Pat3Train_2047_0,0
Pat3Train_2048_0,0
Pat3Train_2049_0,0
Pat3Train_2050_0,0
Pat3Train_2051_0,0
Pat3Train_2052_0,0
Pat3Train_2053_0,0
Pat3Train_2054_0,0
Pat3Train_2055_0,0
Pat3Train_2056_0,0
Pat3Train_2057_0,0
Pat3Train_2058_0,0
Pat3Train_2059_0,0
Pat3Train_2060_0,0
Pat3Train_2061_0,0
Pat3Train_2062_0,0
Pat3Train_2063_0,0
Pat3Train_2064_0,0
Pat3Train_2065_0,0
Pat3Train_2066_0,0
Pat3Train_2067_0,0
Pat3Train_2068_0,0
Pat3Train_2069_0,0
Pat3Train_2070_0,0
Pat3Train_2071_0,0
Pat3Train_2072_0,0
Pat3Train_2073_0,0
Pat3Train_2074_0,0
Pat3Train_2075_0,0
Pat3Train_2076_0,0
Pat3Train_2077_0,0
Pat3Train_2078_0,0
Pat3Train_2079_0,0
Pat3Train_2080_0,0
Pat3Train_2081_0,0
Pat3Train_2082_0,0
Pat3Train_2083_0,0
Pat3Train_2084_0,0
Pat3Train_2085_0,0
Pat3Train_2086_0,0
Pat3Train_2087_0,0
Pat3Train_2088_0,0
Pat3Train_2089_0,0
Pat3Train_2090_0,0
Pat3Train_2091_0,0
Pat3Train_2092_0,0
Pat3Train_2093_0,0
Pat3Train_2094_0,0
Pat3Train_2095_0,0
Pat3Train_2096_0,0
Pat3Train_2097_0,0
Pat3Train_2098_0,0
Pat3Train_2099_0,0
Pat3Train_2100_0,0
Pat3Train_2101_0,0
Pat3Train_2102_0,0
Pat3Train_2103_0,0
Pat3Train_2104_0,0
Pat3Train_2105_0,0
Pat3Train_2106_0,0
Pat3Train_2107_0,0
Pat3Train_2108_0,0
Pat3Train_2109_0,0
Pat3Train_2110_0,0
Pat3Train_2111_0,0
Pat3Train_2112_0,0
Pat3Train_2113_0,0
Pat3Train_2114_0,0
Pat3Train_2115_0,0
Pat3Train_2116_0,0
Pat3Train_2117_0,0
Pat3Train_2118_0,0
Pat3Train_2119_0,0
Pat3Train_2120_0,0
Pat3Train_2121_0,0
Pat3Train_2122_0,0
Pat3Train_2123_0,0
Pat3Train_2124_0,0
Pat3Train_2125_0,0
Pat3Train_2126_0,0
Pat3Train_2127_0,0
Pat3Train_2128_0,0
Pat3Train_2129_0,0
Pat3Train_2130_0,0
Pat3Train_2131_0,0
Pat3Train_2132_0,0
Pat3Train_2133_0,0
Pat3Train_2134_0,0
Pat3Train_2135_0,0
Pat3Train_2136_0,0
Pat3Train_2137_0,0
Pat3Train_2138_0,0
Pat3Train_2139_0,0
Pat3Train_2140_0,0
Pat3Train_2141_0,0
Pat3Train_2142_0,0
Pat3Train_2143_0,0
Pat3Train_2144_0,0
Pat3Train_2145_0,0
Pat3Train_2146_0,0
Pat3Train_2147_0,0
Pat3Train_2148_0,0
Pat3Train_2179_0,0
Pat3Train_2180_0,0
Pat3Train_2181_0,0
Pat3Train_2182_0,0
Pat3Train_2183_0,0
Pat3Train_2184_0,0
Pat3Train_2185_0,0
Pat3Train_2186_0,0
Pat3Train_2187_0,0
Pat3Train_2188_0,0
Pat3Train_2189_0,0
Pat3Train_2190_0,0
Pat3Train_2191_0,0
Pat3Train_2192_0,0
Pat3Train_2193_0,0
Pat3Train_2194_0,0
Pat3Train_2195_0,0
Pat3Train_2196_0,0
Pat3Train_2197_0,0
Pat3Train_2198_0,0
Pat3Train_2199_0,0
Pat3Train_2200_0,0
Pat3Train_2201_0,0
Pat3Train_2202_0,0
Pat3Train_2203_0,0
Pat3Train_2204_0,0
Pat3Train_2205_0,0
Pat3Train_2206_0,0
Pat3Train_2207_0,0
Pat3Train_2208_0,0
Pat3Train_2209_0,0
Pat3Train_2210_0,0
Pat3Train_2211_0,0
Pat3Train_2212_0,0
Pat3Train_2213_0,0
Pat3Train_2214_0,0
Pat3Train_2215_0,0
Pat3Train_2216_0,0
Pat3Train_2217_0,0
Pat3Train_2218_0,0
Pat3Train_2219_0,0
Pat3Train_2220_0,0
Pat3Train_2221_0,0
Pat3Train_2222_0,0
Pat3Train_2223_0,0
Pat3Train_2224_0,0
Pat3Train_2225_0,0
Pat3Train_2226_0,0
Pat3Train_2227_0,0
Pat3Train_2228_0,0
Pat3Train_2229_0,0
Pat3Train_2230_0,0
Pat3Train_2231_0,0
Pat3Train_2232_0,0
Pat3Train_2233_0,0
Pat3Train_2234_0,0
Pat3Train_2235_0,0
Pat3Train_2236_0,0
Pat3Train_2237_0,0
Pat3Train_2238_0,0
Pat3Train_2239_0,0
Pat3Train_2240_0,0
Pat3Train_2241_0,0
Pat3Train_2242_0,0
Pat3Train_2243_0,0
Pat3Train_2244_0,0
Pat3Train_1_1,1
Pat3Train_2_1,1
Pat3Train_3_1,1
Pat3Train_4_1,1
Pat3Train_5_1,1
Pat3Train_6_1,1
Pat3Train_7_1,1
Pat3Train_8_1,1
Pat3Train_9_1,1
Pat3Train_10_1,1
Pat3Train_11_1,1
Pat3Train_12_1,1
Pat3Train_13_1,1
Pat3Train_14_1,1
Pat3Train_15_1,1
Pat3Train_16_1,1
Pat3Train_17_1,1
Pat3Train_18_1,1
Pat3Train_19_1,1
Pat3Train_20_1,1
Pat3Train_21_1,1
Pat3Train_22_1,1
Pat3Train_23_1,1
Pat3Train_24_1,1
Pat3Train_25_1,1
Pat3Train_26_1,1
Pat3Train_27_1,1
Pat3Train_28_1,1
Pat3Train_29_1,1
Pat3Train_30_1,1
Pat3Train_31_1,1
Pat3Train_32_1,1
Pat3Train_33_1,1
Pat3Train_34_1,1
Pat3Train_35_1,1
Pat3Train_36_1,1
Pat3Train_37_1,1
Pat3Train_38_1,1
Pat3Train_39_1,1
Pat3Train_40_1,1
Pat3Train_41_1,1
Pat3Train_42_1,1
Pat3Train_43_1,1
Pat3Train_44_1,1
Pat3Train_45_1,1
Pat3Train_46_1,1
Pat3Train_47_1,1
Pat3Train_48_1,1
Pat3Train_49_1,1
Pat3Train_50_1,1
Pat3Train_51_1,1
Pat3Train_52_1,1
Pat3Train_53_1,1
Pat3Train_54_1,1
Pat3Train_55_1,1
Pat3Train_56_1,1
Pat3Train_57_1,1
Pat3Train_58_1,1
Pat3Train_59_1,1
Pat3Train_60_1,1
Pat3Train_61_1,1
Pat3Train_62_1,1
Pat3Train_63_1,1
Pat3Train_64_1,1
Pat3Train_65_1,1
Pat3Train_66_1,1
Pat3Train_67_1,1
Pat3Train_68_1,1
Pat3Train_69_1,1
Pat3Train_70_1,1
Pat3Train_71_1,1
Pat3Train_72_1,1
Pat3Train_73_1,1
Pat3Train_74_1,1
Pat3Train_75_1,1
Pat3Train_76_1,1
Pat3Train_77_1,1
Pat3Train_78_1,1
Pat3Train_79_1,1
Pat3Train_80_1,1
Pat3Train_81_1,1
Pat3Train_82_1,1
Pat3Train_83_1,1
Pat3Train_84_1,1
Pat3Train_85_1,1
Pat3Train_86_1,1
Pat3Train_87_1,1
Pat3Train_88_1,1
Pat3Train_89_1,1
Pat3Train_90_1,1
Pat3Train_91_1,1
Pat3Train_92_1,1
Pat3Train_93_1,1
Pat3Train_94_1,1
Pat3Train_95_1,1
Pat3Train_96_1,1
Pat3Train_97_1,1
Pat3Train_98_1,1
Pat3Train_99_1,1
Pat3Train_100_1,1
Pat3Train_101_1,1
Pat3Train_102_1,1
Pat3Train_103_1,1
Pat3Train_104_1,1
Pat3Train_105_1,1
Pat3Train_106_1,1
Pat3Train_107_1,1
Pat3Train_108_1,1
Pat3Train_109_1,1
Pat3Train_110_1,1
Pat3Train_111_1,1
Pat3Train_112_1,1
Pat3Train_113_1,1
Pat3Train_114_1,1
Pat3Train_115_1,1
Pat3Train_116_1,1
Pat3Train_117_1,1
Pat3Train_118_1,1
Pat3Train_119_1,1
Pat3Train_120_1,1
Pat3Train_121_1,1
Pat3Train_122_1,1
Pat3Train_123_1,1
Pat3Train_124_1,1
Pat3Train_125_1,1
Pat3Train_126_1,1
Pat3Train_127_1,1
Pat3Train_128_1,1
Pat3Train_129_1,1
Pat3Train_130_1,1
Pat3Train_131_1,1
Pat3Train_132_1,1
Pat3Train_133_1,1
Pat3Train_134_1,1
Pat3Train_135_1,1
Pat3Train_136_1,1
Pat3Train_137_1,1
Pat3Train_138_1,1
Pat3Train_139_1,1
Pat3Train_140_1,1
Pat3Train_141_1,1
Pat3Train_142_1,1
Pat3Train_143_1,1
Pat3Train_144_1,1
Pat3Train_145_1,1
Pat3Train_146_1,1
Pat3Train_147_1,1
Pat3Train_148_1,1
Pat3Train_149_1,1
Pat3Train_150_1,1
Pat3Train_154_1,1
Pat3Train_171_1,1
Pat3Train_223_1,1
Pat3Train_232_1,1
Pat3Train_245_1,1
Pat3Train_260_1,1
Pat3Train_269_1,1
Pat3Train_277_1,1
Pat3Train_280_1,1
Pat3Train_316_1,1
Pat3Train_322_1,1
Pat3Train_334_1,1
Pat3Train_337_1,1
Pat3Train_347_1,1
Pat3Train_364_1,1
Pat3Train_367_1,1
Pat3Train_400_1,1
Pat3Train_401_1,1
Pat3Train_432_1,1
Pat3Train_452_1,1
Pat3Train_481_1,1
Pat3Train_482_1,1
Pat3Train_518_1,1
Pat3Train_534_1,1
Pat3Train_539_1,1
Pat3Train_553_1,1
Pat3Train_557_1,1
Pat3Train_575_1,1
Pat3Train_576_1,1
Pat3Train_641_1,1
Pat3Train_663_1,1
Pat3Train_677_1,1
Pat3Train_709_1,1
Pat3Train_747_1,1
Pat3Train_763_1,1
Pat3Train_827_1,1
Pat3Train_834_1,1
Pat3Train_892_1,1
Pat3Train_976_1,1
Pat3Train_978_1,1
Pat3Train_1003_1,1
Pat3Train_1007_1,1
Pat3Train_1083_1,1
Pat3Train_1125_1,1
Pat3Train_1179_1,1
Pat3Train_1180_1,1
Pat3Train_1184_1,1
Pat3Train_1205_1,1
Pat3Train_1239_1,1
Pat3Train_1269_1,1
Pat3Train_1286_1,1
Pat3Train_1288_1,1
Pat3Train_1326_1,1
Pat3Train_1327_1,1
Pat3Train_1364_1,1
Pat3Train_1401_1,1
Pat3Train_1418_1,1
Pat3Train_1421_1,1
Pat3Train_1437_1,1
Pat3Train_1453_1,1
Pat3Train_1512_1,1
Pat3Train_1531_1,1
Pat3Train_1533_1,1
Pat3Train_1544_1,1
Pat3Train_1548_1,1
Pat3Train_1586_1,1
Pat3Train_1610_1,1
Pat3Train_1611_1,1
Pat3Train_1618_1,1
Pat3Train_1620_1,1
Pat3Train_1628_1,1
Pat3Train_1639_1,1
Pat3Train_1654_1,1
Pat3Train_1673_1,1
Pat3Train_1677_1,1
Pat3Train_1681_1,1
Pat3Train_1729_1,1
Pat3Train_1764_1,1
Pat3Train_1796_1,1
Pat3Train_1863_1,1
Pat3Train_1879_1,1
Pat3Train_1926_1,1
Pat3Train_1931_1,1
Pat3Train_2000_1,1
Pat3Train_2007_1,1
Pat3Train_2013_1,1
Pat3Train_2032_1,1
Pat3Train_2049_1,1
Pat3Train_2057_1,1
Pat3Train_2068_1,1
Pat3Train_2081_1,1
Pat3Train_2086_1,1
Pat3Train_2097_1,1
Pat3Train_2122_1,1
Pat3Train_2131_1,1
Pat3Train_2189_1,1
Pat3Train_2190_1,1
Pat3Train_2204_1,1
Pat3Train_2256_1,1
Pat3Train_2258_1,1
Pat3Train_2277_1,1
Pat3Train_2298_1,1
Pat3Train_2307_1,1
Pat3Train_2319_1,1
Pat3Train_2395_1,1
